id,ident,type,name,latitude_deg,longitude_deg,elevation_ft,continent,iso_country,iso_region,municipality,scheduled_service,gps_code,iata_code,local_code
608,69S,small_airport,"Avey Field State/Laurier Airport",49,-118,1655,NA,US,US-WA,Laurier,no,,,69S
4650,03N,small_airport,"Utirik Airport",11,170,4,OC,MH,MH-UTI,"Utirik Island",yes,,UTK,03N
4777,0TT8,heliport,"Dynasty Heliport",15,146,150,OC,MP,MP-U-A,"San Jose, Tinian",no,0TT8,,0TT8
6523,00A,heliport,"Total RF Heliport",40,-75,11,NA,US,US-PA,Bensalem,no,K00A,,00A
6524,00AK,small_airport,"Lowell Field",60,-152,450,NA,US,US-AK,"Anchor Point",no,00AK,,00AK
6525,00AL,small_airport,"Epps Airpark",35,-87,820,NA,US,US-AL,Harvest,no,00AL,,00AL
6526,00AR,closed,"Newport Hospital & Clinic Heliport",36,-91,237,NA,US,US-AR,Newport,no,,,
6527,00AZ,small_airport,"Cordes Airport",34,-112,3810,NA,US,US-AZ,Cordes,no,00AZ,,00AZ
6528,00CA,small_airport,"Goldstone (GTS) Airport",35,-117,3038,NA,US,US-CA,Barstow,no,00CA,,00CA
6529,00CO,closed,"Cass Field",41,-104,4830,NA,US,US-CO,Briggsdale,no,,,
6530,01ID,small_airport,"Lava Hot Springs Airport",43,-112,5268,NA,US,US-ID,"Lava Hot Springs",no,01ID,,01ID
6531,00FA,small_airport,"Grass Patch Airport",29,-82,53,NA,US,US-FL,Bushnell,no,00FA,,00FA
6532,00FD,closed,"Ringhaver Heliport",29,-82,25,NA,US,US-FL,Riverview,no,,,
6533,00FL,small_airport,"River Oak Airport",27,-81,35,NA,US,US-FL,Okeechobee,no,00FL,,00FL
6534,00GA,small_airport,"Lt World Airport",34,-84,700,NA,US,US-GA,Lithonia,no,00GA,,00GA
6535,00GE,heliport,"Caffrey Heliport",34,-85,957,NA,US,US-GA,Hiram,no,00GE,,00GE
6536,00HI,heliport,"Kaupulehu Heliport",20,-156,43,OC,US,US-HI,Kailua-Kona,no,00HI,,00HI
6537,00ID,small_airport,"Delta Shores Airport",48,-116,2064,NA,US,US-ID,"Clark Fork",no,00ID,,00ID
6538,00II,closed,"Bailey Generation Station Heliport",42,-87,600,NA,US,US-IN,Chesterton,no,,,
6539,00IL,small_airport,"Hammer Airport",42,-90,840,NA,US,US-IL,Polo,no,00IL,,00IL
6540,00IN,heliport,"St Mary Medical Center Heliport",42,-87,634,NA,US,US-IN,Hobart,no,00IN,,00IN
6541,00IS,small_airport,"Hayenga's Cant Find Farms Airport",40,-89,820,NA,US,US-IL,Kings,no,00IS,,00IS
6542,00KS,small_airport,"Hayden Farm Airport",39,-95,1100,NA,US,US-KS,Gardner,no,00KS,,00KS
6543,00KY,small_airport,"Robbins Roost Airport",37,-85,1265,NA,US,US-KY,Stanford,no,00KY,,00KY
6544,00LL,heliport,"Ac & R Components Heliport",40,-90,600,NA,US,US-IL,Chatham,no,00LL,,00LL
6545,00LS,small_airport,"Lejeune Airport",30,-92,12,NA,US,US-LA,Crowley,no,00LS,,00LS
6546,00MD,small_airport,"Slater Field",39,-76,45,NA,US,US-MD,Federalsburg,no,00MD,,00MD
6547,00MI,heliport,"Dow Chemical Heliport",44,-86,588,NA,US,US-MI,Ludington,no,00MI,,00MI
6548,00MN,small_airport,"Battle Lake Municipal Airport",46,-96,1365,NA,US,US-MN,"Battle Lake",no,00MN,,00MN
6549,00MO,small_airport,"Cooper Flying Service Airport",37,-94,970,NA,US,US-MO,Alba,no,00MO,,00MO
6551,00N,small_airport,"Bucks Airport",39,-75,105,NA,US,US-NJ,Bridgeton,no,K00N,,00N
6552,00NC,small_airport,"North Raleigh Airport",36,-78,348,NA,US,US-NC,Louisburg,no,00NC,,00NC
6553,00NJ,heliport,"Colgate-Piscataway Heliport",41,-74,78,NA,US,US-NJ,"New Brunswick",no,00NJ,,00NJ
6554,00NY,small_airport,"Weiss Airfield",43,-77,1000,NA,US,US-NY,"West Bloomfield",no,00NY,,00NY
6555,00OH,closed,"Exit 3 Airport",42,-84,785,NA,US,US-OH,Wauseon,no,,,
6556,00OI,heliport,"Miami Valley Hospital Heliport",40,-84,905,NA,US,US-OH,Dayton,no,00OI,,00OI
6557,00OR,heliport,"Steel Systems Heliport",45,-123,195,NA,US,US-OR,Salem,no,00OR,,00OR
6558,00PA,heliport,"R J D Heliport",40,-76,402,NA,US,US-PA,Coatesville,no,00PA,,00PA
6559,00PS,closed,"Thomas Field",40,-77,815,NA,US,US-PA,Loysville,no,,,
6560,00S,small_airport,"McKenzie Bridge State Airport",44,-122,1620,NA,US,US-OR,"Blue River",no,K00S,,00S
6561,00SC,small_airport,"Flying O Airport",34,-80,150,NA,US,US-SC,Sumter,no,00SC,,00SC
6562,00TA,closed,"SW Region FAA Heliport",33,-97,598,NA,US,US-TX,"Fort Worth",no,,,
6563,00TE,heliport,"Tcjc-Northeast Campus Heliport",33,-97,600,NA,US,US-TX,"Fort Worth",no,00TE,,00TE
6564,00TN,small_airport,"Ragsdale Road Airport",36,-86,1100,NA,US,US-TN,Manchester,no,00TN,,00TN
6565,00TS,small_airport,"Alpine Range Airport",33,-97,670,NA,US,US-TX,Everman,no,00TS,,00TS
6566,00TX,closed,"San Jacinto Methodist Hospital Heliport",30,-95,19,NA,US,US-TX,Baytown,no,,,
6567,00UT,closed,"Clear Creek Ranch Airport",37,-113,6138,NA,US,US-UT,Kanab,no,,,
6568,00VA,small_airport,"Vaughan Airport",37,-79,551,NA,US,US-VA,Alton,no,00VA,,00VA
6569,00VI,small_airport,"Groundhog Mountain Airport",37,-80,2680,NA,US,US-VA,Hillsville,no,00VI,,00VI
6570,00W,small_airport,"Lower Granite State Airport",47,-117,719,NA,US,US-WA,Colfax,no,,,00W
6571,00WA,small_airport,"Howell Airport",47,-123,150,NA,US,US-WA,Longbranch,no,00WA,,00WA
6572,00WI,small_airport,"Northern Lite Airport",44,-89,860,NA,US,US-WI,Waupaca,no,00WI,,00WI
6573,00WN,small_airport,"Hawks Run Airport",46,-117,2900,NA,US,US-WA,Asotin,no,00WN,,00WN
6574,00WV,small_airport,"Lazy J. Aerodrome",39,-80,2060,NA,US,US-WV,Beverly,no,00WV,,00WV
6575,00XS,closed,"L P Askew Farms Airport",33,-102,3110,NA,US,US-TX,O'Donnell,no,,,
6576,01A,small_airport,"Purkeypile Airport",63,-152,1950,NA,US,US-AK,Purkeypile,no,01A,,01A
6577,01AK,heliport,"Providence Seward Medical Center Heliport",60,-149,120,NA,US,US-AK,Seward,no,01AK,,01AK
6578,01AL,small_airport,"Ware Island Airport",33,-87,344,NA,US,US-AL,Clanton,no,01AL,,01AL
6579,01AR,heliport,"DeQueen Medical Center Heliport",34,-94,440,NA,US,US-AR,DeQueen,no,01AR,,01AR
6580,01AZ,heliport,"Yat Heliport",35,-112,3300,NA,US,US-AZ,"Camp Verde",no,01AZ,,01AZ
6581,01C,closed,"Grant Airport",43,-86,815,NA,US,US-MI,Grant,no,,,
6582,01CA,heliport,"SCE Lugo Substation Heliport",34,-117,3733,NA,US,US-CA,Hesperia,no,01CA,,01CA
6583,01CL,small_airport,"Swansboro Country Airport",39,-121,2594,NA,US,US-CA,Placerville,no,01CL,,01CL
6584,01CN,closed,"Los Angeles County Sheriff's Department Heliport",34,-118,300,NA,US,US-CA,"Los Angeles",no,,,
6585,01CO,heliport,"St Vincent General Hospital Heliport",39,-106,10175,NA,US,US-CO,Leadville,no,01CO,,01CO
6586,01CT,heliport,"Berlin Fairgrounds Heliport",42,-73,60,NA,US,US-CT,Berlin,no,01CT,,01CT
6587,01FA,small_airport,"Rybolt Ranch Airport",29,-81,55,NA,US,US-FL,Orlando,no,01FA,,01FA
6588,01FD,heliport,"Advent Health Altamonte Springs Heliport",29,-81,86,NA,US,US-FL,"Altamonte Springs",no,01FD,,01FD
6589,01FL,small_airport,"Cedar Knoll Flying Ranch Airport",29,-81,19,NA,US,US-FL,Geneva,no,01FL,,01FL
6590,01GA,heliport,"Medical Center Heliport",32,-85,319,NA,US,US-GA,Columbus,no,01GA,,01GA
6591,01GE,small_airport,"The Farm Airport",33,-83,375,NA,US,US-GA,Wrightsville,no,01GE,,01GE
6592,01IA,small_airport,"Stender Airport",42,-91,725,NA,US,US-IA,Maysville,no,01IA,,01IA
6593,01II,small_airport,"Myers Field",40,-87,950,NA,US,US-IN,Lizton,no,01II,,01II
6594,01IL,heliport,"Hoopeston Community Memorial Hospital Heliport",40,-88,583,NA,US,US-IL,Hoopeston,no,01IL,,01IL
6595,01IN,heliport,"Community Hospital Heliport",40,-86,890,NA,US,US-IN,Anderson,no,01IN,,01IN
6596,01IS,small_airport,"William E. Koenig Airport",39,-90,670,NA,US,US-IL,Dow,no,01IS,,01IS
6597,01J,small_airport,"Hilliard Airpark",31,-82,59,NA,US,US-FL,Hilliard,no,01J,,01J
6598,01K,small_airport,"Caldwell Municipal Airport",37,-98,1157,NA,US,US-KS,Caldwell,no,01K,,01K
6599,01KS,small_airport,"Flying N Ranch Airport",39,-97,1485,NA,US,US-KS,"Lost Springs",no,01KS,,01KS
6600,01KY,heliport,"Lourdes Hospital Heliport",37,-89,419,NA,US,US-KY,Paducah,no,01KY,,01KY
6601,01LA,small_airport,"Barham Airport",33,-92,90,NA,US,US-LA,"Oak Ridge",no,01LA,,01LA
6602,01LL,small_airport,"Schumaier Restricted Landing Area",38,-89,555,NA,US,US-IL,Pinckneyville,no,01LL,,01LL
6603,01LS,small_airport,"Country Breeze Airport",31,-91,125,NA,US,US-LA,Slaughter,no,01LS,,01LS
6604,01MA,heliport,"Compaq Andover Heliport",43,-71,140,NA,US,US-MA,Andover,no,01MA,,01MA
6606,01ME,seaplane_base,"Saint Peter's Seaplane Base",47,-69,608,NA,US,US-ME,"Portage Lake",no,01ME,,01ME
6607,01MI,heliport,"Flow Through Terminal Heliport",43,-84,736,NA,US,US-MI,Flint,no,01MI,,01MI
6608,01MN,seaplane_base,"Barnes Seaplane Base",48,-93,1358,NA,US,US-MN,Cook,no,01MN,,01MN
6609,01MO,heliport,"Highway Patrol Troop C Headquarters Heliport",39,-90,615,NA,US,US-MO,"Town and Country",no,01MO,,01MO
6610,01MT,small_airport,"Crystal Lakes Resort Airport",49,-115,3141,NA,US,US-MT,Fortine,no,01MT,,01MT
6611,01NC,small_airport,"Topsail Airpark",34,-78,65,NA,US,US-NC,"Holly Ridge",no,01NC,,01NC
6612,01NE,closed,"Detour Airport",41,-101,3000,NA,US,US-NE,Wellfleet,no,,,
6613,01NH,small_airport,"Moore Airfield",44,-72,835,NA,US,US-NH,Canaan,no,01NH,,01NH
6614,01NJ,heliport,"Albert Guido Memorial Heliport",41,-74,10,NA,US,US-NJ,Newark,no,01NJ,,01NJ
6615,01NV,small_airport,"Lantana Ranch Airport",39,-119,4600,NA,US,US-NV,Yerington,no,01NV,,01NV
6616,01NY,heliport,"Vassar Hospital Heliport",42,-74,100,NA,US,US-NY,Poughkeepsie,no,01NY,,01NY
6617,01OI,heliport,"Avita Health System Galion Hospital Heliport",41,-83,1140,NA,US,US-OH,Galion,no,01OI,,01OI
6618,01OK,closed,"Lawrence Airport",35,-99,1525,NA,US,US-OK,Eakly,no,,,
6619,01OR,closed,"Red & White Flying Service Airport",43,-121,4346,NA,US,US-OR,"Silver Lake",no,,,
6620,01PA,closed,"Pine Heliport",41,-80,1215,NA,US,US-PA,Mars,no,,,
6621,01PN,small_airport,"Bierly(Personal Use) Airport",41,-78,960,NA,US,US-PA,Bellefonte,no,01PN,,01PN
6622,01PS,small_airport,"Nort's Resort Airport",42,-76,1040,NA,US,US-PA,Meshoppen,no,01PS,,01PS
6623,01SC,small_airport,"York Airport",35,-81,779,NA,US,US-SC,York,no,01SC,,01SC
6624,01TA,heliport,"Thirty Thirty Matlock Office Center Heliport",33,-97,630,NA,US,US-TX,Arlington,no,01TA,,01TA
6625,01TE,small_airport,"Smith Field",33,-96,505,NA,US,US-TX,Forney,no,01TE,,01TE
6626,01TN,small_airport,"Colonial Air Park",35,-90,370,NA,US,US-TN,Collierville,no,01TN,,01TN
6627,01TS,closed,"St Joseph Hospital Heliport",33,-97,675,NA,US,US-TX,"Fort Worth",no,,,
6628,01TX,closed,"Mims Farm Ultralightport",32,-97,610,NA,US,US-TX,Waxahachie,no,,,
6629,01U,small_airport,"Duckwater Airport",39,-116,5124,NA,US,US-NV,Duckwater,no,K01U,,01U
6630,01UT,small_airport,"La Sal Junction Airport",38,-109,6000,NA,US,US-UT,"La Sal",no,01UT,,01UT
6631,01VA,small_airport,"Pickles Airport",39,-78,500,NA,US,US-VA,Berryville,no,01VA,,01VA
6632,01WA,heliport,"Willapa Harbor Heliport",47,-124,154,NA,US,US-WA,"South Bend",no,01WA,,01WA
6633,01WI,small_airport,"Prehn Cranberry Company Airport",44,-90,930,NA,US,US-WI,Tomah,no,01WI,,01WI
6634,01WN,heliport,"Whidbey General Hospital Heliport",48,-123,103,NA,US,US-WA,Coupeville,no,01WN,,01WN
6635,01WY,small_airport,"Keyhole Airport",44,-105,4250,NA,US,US-WY,"Pine Haven",no,01WY,,01WY
6636,01XS,heliport,"Meadowood Ranch Heliport",32,-96,500,NA,US,US-TX,Athens,no,01XS,,01XS
6637,02AK,small_airport,"Rustic Wilderness Airport",62,-150,190,NA,US,US-AK,Willow,no,02AK,,02AK
6638,02AL,small_airport,"Bass Field",30,-88,61,NA,US,US-AL,Foley,no,02AL,,02AL
6640,02AZ,closed,"Winchester Farm Airstrip",32,-110,4200,NA,US,US-AZ,Willcox,no,,,
6641,02CA,heliport,"Swepi Beta Platform Ellen Heliport",34,-118,122,NA,US,US-CA,"Huntington Beach",no,02CA,,02CA
6642,02CD,small_airport,"Shannon Field",34,-91,165,NA,US,US-MS,Clarksdale,no,02CD,,02CD
6643,02CL,small_airport,"Conover Air Lodge Airport",35,-119,5160,NA,US,US-CA,"Frazier Park",no,02CL,,02CL
6644,02CO,small_airport,"Mc Cullough Airport",38,-106,7615,NA,US,US-CO,"Monte Vista",no,02CO,,02CO
6645,02CT,heliport,"Strangers Point Heliport",42,-72,540,NA,US,US-CT,Ellington,no,02CT,,02CT
6646,02FA,small_airport,"Osborn Airfield",29,-82,121,NA,US,US-FL,Groveland,no,02FA,,02FA
6647,7FD5,heliport,"Doctors Memorial Hospital Heliport",31,-86,133,NA,US,US-FL,Bonifay,no,7FD5,,7FD5
6648,02GA,small_airport,"Doug Bolton Field",34,-83,884,NA,US,US-GA,Commerce,no,02GA,,02GA
6649,02GE,small_airport,"Etowah Fields Airport",34,-85,710,NA,US,US-GA,Euharlee,no,02GE,,02GE
6650,02HI,heliport,"K3 Helipad Heliport",21,-158,9,OC,US,US-HI,Honolulu,no,02HI,,02HI
6651,02IA,heliport,"Boone County Hospital Heliport",42,-94,1160,NA,US,US-IA,Boone,no,02IA,,02IA
6652,02ID,small_airport,"Morgan Ranch Airport",45,-115,5634,NA,US,US-ID,Cascade,no,02ID,,02ID
6653,02II,small_airport,"King Ultralightport",40,-86,925,NA,US,US-IN,Westfield,no,02II,,02II
6654,02IN,small_airport,"Diamond P. Field",40,-86,904,NA,US,US-IN,Muncie,no,02IN,,02IN
6655,02IS,heliport,"Condell Medical Center Heliport",42,-88,762,NA,US,US-IL,Libertyville,no,02IS,,02IS
6656,02KS,small_airport,"Jmj Landing Airport",39,-96,1170,NA,US,US-KS,"St Marys",no,02KS,,02KS
6657,02KY,heliport,"Boone National Guard Heliport",38,-85,760,NA,US,US-KY,Frankfort,no,02KY,,02KY
6658,02LA,heliport,"Louisiana State Police Troop G Heliport",33,-94,168,NA,US,US-LA,"Bossier City",no,02LA,,02LA
6659,02LS,heliport,"Windy Hill Heliport",30,-92,25,NA,US,US-LA,Broussard,no,02LS,,02LS
6660,02MA,heliport,"Cuttyhunk Heliport",41,-71,9,NA,US,US-MA,Cuttyhunk,no,02MA,,02MA
6661,02ME,small_airport,"Nadeau's Airfield",44,-71,700,NA,US,US-ME,Acton,no,02ME,,02ME
6662,02MI,small_airport,"Fairplains Airpark",43,-85,850,NA,US,US-MI,Greenville,no,02MI,,02MI
6663,02MN,closed,"Greenbush Municipal Airport",49,-96,1070,NA,US,US-MN,Greenbush,no,,,
6664,02MO,small_airport,"Troy Airpark",39,-91,650,NA,US,US-MO,Troy,no,02MO,,02MO
6665,02MS,small_airport,"Watts Field",34,-91,153,NA,US,US-MS,Rochdale,no,02MS,,02MS
6666,02MT,closed,"Barrett Field",47,-112,3350,NA,US,US-MT,Cascade,no,,,
6667,02MU,closed,"Timber Line Airpark",37,-94,1550,NA,US,US-MO,Cassville,no,,,
6668,02NE,small_airport,"Benes Service Airport",41,-97,1550,NA,US,US-NE,Valparaiso,no,02NE,,02NE
6669,02NH,seaplane_base,"Iroquois Landing Seaplane Base",45,-71,1180,NA,US,US-NH,Dummer,no,02NH,,02NH
6670,02NJ,heliport,"Penske Heliport",41,-74,78,NA,US,US-NJ,Piscataway,no,02NJ,,02NJ
6671,02NV,small_airport,"Paiute Meadows Airport",41,-119,4443,NA,US,US-NV,Winnemucca,no,02NV,,02NV
6672,02NY,heliport,"Hansen Heliport",43,-76,435,NA,US,US-NY,Durhamville,no,02NY,,02NY
6673,02OH,small_airport,"Zimmerman Airport",41,-83,614,NA,US,US-OH,Fremont,no,02OH,,02OH
6674,02OI,small_airport,"Murtha Airport",42,-81,950,NA,US,US-OH,Conneaut,no,02OI,,02OI
6675,02OK,closed,"Canon Heliport",35,-98,1191,NA,US,US-OK,"Oklahoma City",no,,,
6676,02OR,small_airport,"Rowena Dell Airport",46,-121,705,NA,US,US-OR,"The Dalles",no,02OR,,02OR
6677,02P,heliport,"Stottle Memorial Heliport",40,-78,591,NA,US,US-PA,"Honey Grove",no,26PA,,26PA
6678,02PA,heliport,"Lag III Heliport",40,-80,1070,NA,US,US-PA,Monroeville,no,02PA,,02PA
6679,02PN,heliport,"Peco Berwyn Heliport",40,-75,390,NA,US,US-PA,Berwyn,no,02PN,,02PN
6680,02PR,small_airport,"Cuylers Airport",18,-66,15,NA,PR,PR-U-A,"Vega Baja",no,02PR,,02PR
6681,02PS,closed,"Hughes Ultralightport",42,-77,1700,NA,US,US-PA,Tioga,no,,,
6682,02SC,small_airport,"Harpers Airport",33,-81,111,NA,US,US-SC,Estill,no,02SC,,02SC
6683,02T,small_airport,"Wise River Airport",46,-113,5830,NA,US,US-MT,"Wise River",no,02T,,02T
6684,02TA,heliport,"Matagorda Shore Facility Heliport",29,-96,5,NA,US,US-TX,Matagorda,no,02TA,,02TA
6685,02TE,heliport,"Baylor Medical Center Heliport",32,-97,560,NA,US,US-TX,Waxahachie,no,02TE,,02TE
6686,02TN,small_airport,"Ellis Field",36,-87,840,NA,US,US-TN,Rockvale,no,02TN,,02TN
6687,02TS,closed,"FWOMC Heliport",33,-97,684,NA,US,US-TX,"Fort Worth",no,,,
6688,02TX,closed,"The Palms At Kitty Hawk Airport",33,-102,3235,NA,US,US-TX,"New Home",no,,,
6689,02UT,small_airport,"Lucin Airport",41,-114,4412,NA,US,US-UT,Lucin,no,02UT,,02UT
6690,02VA,small_airport,"The Greenhouse Airport",38,-78,320,NA,US,US-VA,Culpeper,no,02VA,,02VA
6691,02VG,heliport,"Northstar Aviation Heliport",37,-82,1850,NA,US,US-VA,Bristol,no,02VG,,02VG
6692,02WA,small_airport,"Cawleys South Prairie Airport",47,-122,690,NA,US,US-WA,"South Prairie",no,02WA,,02WA
6693,02WI,small_airport,"Beer Airport",45,-93,920,NA,US,US-WI,Hudson,no,02WI,,02WI
6694,02WN,small_airport,"Fowler Field",49,-119,2150,NA,US,US-WA,Tonasket,no,02WN,,02WN
6695,02XS,closed,"Seidel Ranch Airport",30,-98,510,NA,US,US-TX,Austin,no,,,
6696,03AK,seaplane_base,"Joe Clouds Seaplane Base",61,-151,150,NA,US,US-AK,Kenai,no,03AK,,03AK
6697,03AL,heliport,"Highland Medical Center Heliport",35,-86,628,NA,US,US-AL,Scottsboro,no,03AL,,03AL
6698,03AR,heliport,"Hscmh Heliport",34,-93,350,NA,US,US-AR,Malvern,no,03AR,,03AR
6699,03AZ,small_airport,"Thompson International Aviation Airport",31,-110,4275,NA,US,US-AZ,Hereford,no,03AZ,,03AZ
6700,03CA,heliport,"Grossmont Hospital Heliport",33,-117,634,NA,US,US-CA,"La Mesa",no,03CA,,03CA
6701,03CO,small_airport,"Kugel-Strong Airport",40,-105,4950,NA,US,US-CO,Platteville,no,03CO,,03CO
6702,03FA,small_airport,"Lake Persimmon Airstrip",27,-81,70,NA,US,US-FL,"Lake Placid",no,03FA,,03FA
6703,03FD,closed,"Tharpe Airport",31,-86,115,NA,US,US-FL,Bonifay,no,,,
6704,03FL,heliport,"Ranger Heliport",27,-80,20,NA,US,US-FL,"West Palm Beach",no,03FL,,03FL
6705,03I,closed,"Clarks Dream Strip",40,-83,680,NA,US,US-OH,Circleville,no,,,
6706,03IA,closed,"East Field",42,-92,954,NA,US,US-IA,Montezuma,no,,,
6707,03ID,small_airport,"Flying Y Ranch Airport",45,-117,3180,NA,US,US-ID,Council,no,03ID,,03ID
6708,03II,small_airport,"Davis Field Ultralightport",38,-88,465,NA,US,US-IN,"Mount Vernon",no,03II,,03II
6709,03IL,small_airport,"Wix Airport",41,-88,750,NA,US,US-IL,Monee,no,03IL,,03IL
6710,03IN,small_airport,"Heinzman Airport",40,-86,850,NA,US,US-IN,Arcadia,no,03IN,,03IN
6711,03IS,heliport,"OSF St Anthony's Health Center Heliport",39,-90,580,NA,US,US-IL,Alton,no,03IS,,03IS
6712,03KS,heliport,"Valley Grain Heliport",40,-95,1160,NA,US,US-KS,Highland,no,03KS,,03KS
6713,03KY,small_airport,"Flying H Farms Airport",38,-88,385,NA,US,US-KY,Henderson,no,03KY,,03KY
6714,03LA,heliport,"Damien Heliport",30,-91,25,NA,US,US-LA,Carville,no,03LA,,03LA
6715,03LS,heliport,"Fmc Nr 1 Heliport",32,-92,79,NA,US,US-LA,Winnsboro,no,03LS,,03LS
6716,03M,seaplane_base,"Lakeside Marina Seaplane Base",44,-70,165,NA,US,US-ME,"East Winthrop",no,03M,,03M
6717,03MA,small_airport,"Hadley Airport",42,-73,150,NA,US,US-MA,Hadley,no,03MA,,03MA
6718,03MD,heliport,"Upper Chesapeake Medical Center Heliport",40,-76,302,NA,US,US-MD,"Bel Air",no,03MD,,03MD
6719,03ME,small_airport,"Maple Ridge Airport",44,-71,556,NA,US,US-ME,Harrison,no,03ME,,03ME
6720,03MI,heliport,"Harold Miller Heliport",44,-84,585,NA,US,US-MI,"Bay City",no,03MI,,03MI
6721,03MN,small_airport,"Nauerth Land Ranch Airport",44,-95,1435,NA,US,US-MN,Lakefield,no,03MN,,03MN
6722,03MO,closed,"Cahoochie Airport",38,-93,1010,NA,US,US-MO,Urbana,no,,,
6723,03MS,heliport,"Vicksburg Medical Center Heliport",32,-91,110,NA,US,US-MS,Vicksburg,no,03MS,,03MS
6724,03MT,small_airport,"Cascade Field",47,-112,3580,NA,US,US-MT,Cascade,no,3MT7,,3MT7
6725,03MU,small_airport,"McDonnell Airport",38,-94,874,NA,US,US-MO,Archie,no,03MU,,03MU
6726,03NC,small_airport,"Pilots Ridge Airport",34,-78,35,NA,US,US-NC,"Carolina Beach",no,03NC,,03NC
6727,03ND,small_airport,"Olafson Brothers Airport",49,-98,1045,NA,US,US-ND,Edinburg,no,03ND,,03ND
6728,03NE,small_airport,"Hyde Ranch Airport",42,-99,2430,NA,US,US-NE,Comstock,no,03NE,,03NE
6729,03NH,heliport,"Lorden Heliport",43,-71,400,NA,US,US-NH,Milford,no,03NH,,03NH
6730,03NJ,closed,"AT&T Heliport",41,-74,360,NA,US,US-NJ,"Berkeley Heights",no,,,
6731,03NV,small_airport,"Llama Ranch Airport",41,-115,6120,NA,US,US-NV,"Ruby Valley",no,03NV,,03NV
6732,03NY,small_airport,"Talmage Field",41,-73,95,NA,US,US-NY,Riverhead,no,03NY,,03NY
6733,03OH,small_airport,"Gibbs Field",41,-83,580,NA,US,US-OH,Fremont,no,03OH,,03OH
6734,03OI,heliport,"Cleveland Clinic, Marymount Hospital Heliport",41,-82,890,NA,US,US-OH,"Garfield Heights",no,03OI,,03OI
6735,03OK,small_airport,"Sahoma Lake Airport",36,-96,890,NA,US,US-OK,Sapulpa,no,03OK,,03OK
6736,03OR,small_airport,"Powwatka Ridge Airport",46,-117,3340,NA,US,US-OR,Troy,no,03OR,,03OR
6737,03PA,heliport,"Collegeville Heliport",40,-75,197,NA,US,US-PA,Collegeville,no,03PA,,03PA
6738,03PN,heliport,"M.P. Metals Heliport",41,-76,479,NA,US,US-PA,Berwick,yes,03PN,,03PN
6739,03PS,closed,"Ziggy's Field",41,-78,1050,NA,US,US-PA,Bellefonte,no,,,
6740,03S,small_airport,"Sandy River Airport",45,-122,704,NA,US,US-OR,Sandy,no,03S,,03S
6741,03SC,heliport,"Seacoast Medical Center Heliport",34,-79,73,NA,US,US-SC,"Little River",no,03SC,,03SC
6742,03TA,closed,"Gay Hill Farm Airport",30,-97,505,NA,US,US-TX,"Gay Hill",no,,,
6743,03TE,small_airport,"Barronena Ranch Airport",27,-99,600,NA,US,US-TX,Hebbronville,no,03TE,,03TE
6744,03TN,heliport,"Eagles Landing Heliport",36,-84,1000,NA,US,US-TN,Sevierville,no,03TN,,03TN
6745,03TS,heliport,"Shannon Medical Center Heliport",31,-100,1825,NA,US,US-TX,"San Angelo",no,03TS,,03TS
6746,03TX,heliport,"M D K Field Heliport",30,-95,50,NA,US,US-TX,Pearland,no,03TX,,03TX
6747,03UT,small_airport,"AZ Minerals Corporation Airport",37,-110,5315,NA,US,US-UT,"Mexican Hat",no,03UT,,03UT
6748,03VA,closed,"Whipoorwill Springs Airport",39,-78,250,NA,US,US-VA,Nokesville,no,,,
6749,03WA,small_airport,"Spangle Field",47,-117,2440,NA,US,US-WA,Spangle,no,03WA,,03WA
6750,03WI,closed,"Zink Airport",44,-89,880,NA,US,US-WI,Berlin,no,,,
6751,03WN,small_airport,"Aerostone Ranch Airport",46,-121,2320,NA,US,US-WA,Goldendale,no,03WN,,03WN
6752,03XS,small_airport,"Creekside Airport",31,-101,2100,NA,US,US-TX,Mertzon,no,03XS,,03XS
6753,04AL,heliport,"Anniston AHP (Anniston Army Depot)",34,-86,686,NA,US,US-AL,Anniston,no,04AL,,04AL
6754,04AR,heliport,"Saline Memorial Hospital Heliport",35,-93,430,NA,US,US-AR,Benton,no,04AR,,04AR
6755,04AZ,closed,"Chinle Airport",36,-110,5515,NA,US,US-AZ,Chinle,no,,,
6756,04CA,small_airport,"Gray Butte Field",35,-118,3020,NA,US,US-CA,Palmdale,no,KGXA,,04CA
6757,04CL,small_airport,"Hunt's Sky Ranch Airport",33,-116,2310,NA,US,US-CA,Julian,no,04CL,,04CL
6758,04CT,heliport,"Shingle Mill Heliport",42,-73,880,NA,US,US-CT,Harwinton,no,04CT,,04CT
6759,04F,closed,"De Leon Municipal Airport",32,-99,1293,NA,US,US-TX,"De Leon",no,,,
6760,04FA,small_airport,"Richards Field",26,-81,9,NA,US,US-FL,Homestead,no,04FA,,04FA
6761,04FL,small_airport,"Cross Creek Farms Airport",29,-81,30,NA,US,US-FL,"Ormond Beach",no,04FL,,04FL
6762,04I,small_airport,"Columbus Southwest Airport",40,-83,920,NA,US,US-OH,Columbus,no,04I,,04I
6763,04IA,small_airport,"Middlekoop Airport",41,-92,801,NA,US,US-IA,Packwood,no,04IA,,04IA
6764,04ID,small_airport,"Lanham Field",44,-117,2343,NA,US,US-ID,Emmett,no,04ID,,04ID
6765,04II,closed,"Turkey Run Airport",41,-85,765,NA,US,US-IN,"New Haven",no,,,
6766,04IL,small_airport,"Schertz Aerial Service - Hudson Airport",41,-89,755,NA,US,US-IL,Hudson,no,04IL,,04IL
6767,04IS,small_airport,"Van Gorder Airport",40,-89,728,NA,US,US-IL,Mansfield,no,04IS,,04IS
6768,04KS,closed,"Robinson Industries Heliport",39,-95,835,NA,US,US-KS,Lawrence,no,,,
6769,04KY,small_airport,"Natchez Trace Farm Airport",37,-86,710,NA,US,US-KY,Hiseville,no,04KY,,04KY
6770,04LA,heliport,"Saint James Parish Hospital Heliport",30,-91,10,NA,US,US-LA,Lutcher,no,04LA,,04LA
6771,04LL,small_airport,"Brunner Airport",42,-88,750,NA,US,US-IL,"West Dundee",no,04LL,,04LL
6772,04LS,heliport,"La National Guard Heliport",30,-91,52,NA,US,US-LA,"Baton Rouge",no,04LS,,04LS
6773,04MA,small_airport,"Goddard Field",43,-71,200,NA,US,US-MA,Haverhill,no,04MA,,04MA
6774,04MD,heliport,"Chesapeake City Heliport",40,-76,40,NA,US,US-MD,"Chesapeake City",no,04MD,,04MD
6775,04ME,small_airport,"Beech Hill Airport",45,-70,625,NA,US,US-ME,Mercer,no,04ME,,04ME
6776,04MI,small_airport,"Rapids Airway Airport",43,-85,880,NA,US,US-MI,"Eaton Rapids",no,04MI,,04MI
6777,04MN,small_airport,"Helblad Airport",48,-95,1195,NA,US,US-MN,Kelliher,no,04MN,,04MN
6778,04MO,closed,"Airpark Private Airport",39,-91,767,NA,US,US-MO,Vandalia,no,,,
6779,04MS,small_airport,"Nick's Flying Service Inc Airport",33,-91,100,NA,US,US-MS,"Rolling Fork",no,04MS,,04MS
6780,04MT,small_airport,"Pluhar Airport",47,-106,2715,NA,US,US-MT,Cohagen,no,04MT,,04MT
6781,04NC,heliport,"Western Wake Medical Center Heliport",36,-79,445,NA,US,US-NC,Cary,no,04NC,,04NC
6782,04NE,small_airport,"Mc Connell Field Airport",41,-101,3035,NA,US,US-NE,Sarben,no,04NE,,04NE
6783,04NJ,small_airport,"Emmanuel Airport",40,-75,155,NA,US,US-NJ,Elmer,no,04NJ,,04NJ
6784,04NV,small_airport,"Kingston Ranch Airport",36,-116,2620,NA,US,US-NV,"Sandy Valley",no,04NV,,04NV
6785,04NY,small_airport,"Klaverack Airport",42,-74,250,NA,US,US-NY,Hudson,no,04NY,,04NY
6786,04OH,closed,"Bossow Airport",41,-81,1080,NA,US,US-OH,Garrettsville,no,,,
6787,04OK,heliport,"Stillwater Medical Center Heliport",36,-97,984,NA,US,US-OK,Stillwater,no,04OK,,04OK
6788,04OR,small_airport,"Collins Landing Strip",45,-120,1500,NA,US,US-OR,Mitchell,no,04OR,,04OR
6789,04PA,heliport,"S & C Distribution Center Heliport",40,-75,50,NA,US,US-PA,Philadelphia,no,04PA,,04PA
6790,04PN,heliport,"Strawbridge & Clothier Exton Heliport",40,-76,320,NA,US,US-PA,Exton,no,04PN,,04PN
6791,04SC,heliport,"Emergency Helipad",35,-83,994,NA,US,US-SC,Easley,no,04SC,,04SC
6792,04TA,closed,"Capitol National Bank Building Heliport",30,-98,540,NA,US,US-TX,Austin,no,,,
6793,04TE,heliport,"Veterans Affairs Medical Center Heliport",30,-95,49,NA,US,US-TX,Houston,no,04TE,,04TE
6794,04TN,small_airport,"Hensley Airpark",36,-83,1430,NA,US,US-TN,Chuckey,no,04TN,,04TN
6795,04TS,heliport,"Hummingbird Heliport",31,-98,690,NA,US,US-TX,"Round Rock",no,04TS,,04TS
6796,04TX,small_airport,"Pocock Airport",32,-97,565,NA,US,US-TX,"China Spring",no,04TX,,04TX
6797,04UT,small_airport,"Navajo Mountain Airport",37,-111,6160,NA,US,US-UT,"Navajo Mountain",no,04UT,,04UT
6798,04V,small_airport,"Saguache Municipal Airport",38,-106,7826,NA,US,US-CO,Saguache,no,04V,,04V
6799,04VA,heliport,"Russell County Medical Center Heliport",37,-82,2004,NA,US,US-VA,Lebanon,yes,04VA,,04VA
6800,04VG,small_airport,"Manquin Flight Park Ultralightport",38,-77,50,NA,US,US-VA,Manquin,no,04VG,,04VG
6801,04VT,small_airport,"Lightning Bolt Field Airport",44,-72,2156,NA,US,US-VT,Cabot,no,04VT,,04VT
6802,04W,small_airport,"Field of Dreams Airport",46,-93,1021,NA,US,US-MN,Hinckley,no,K04W,,04W
6803,04WA,small_airport,"Ox Meadows Airport",48,-117,2345,NA,US,US-WA,Spokane,no,04WA,,04WA
6804,04WI,small_airport,"Dutch Gap Airstrip",43,-88,760,NA,US,US-WI,Bristol,no,04WI,,04WI
6805,04WV,heliport,"West Virginia Univ. Hosp. Inc. Gnd. Pad #2 Heliport",40,-80,1137,NA,US,US-WV,Morgantown,no,04WV,,04WV
6806,04XS,closed,"Schmidts Heliport",33,-97,625,NA,US,US-TX,Mansfield,no,,,
6807,05AK,small_airport,"Wasilla Creek Airpark",62,-149,620,NA,US,US-AK,Palmer,yes,05AK,,05AK
6808,05AL,heliport,"Allen Stagefield Army Heliport",31,-86,365,NA,US,US-AL,"Fort Rucker/Wicksburg",no,05AL,,05AL
6809,05AZ,heliport,"Yuma Regional Medical Center Heliport",33,-115,200,NA,US,US-AZ,Yuma,no,05AZ,,05AZ
6810,05B,seaplane_base,"Van Buren Seaplane Base",47,-68,440,NA,US,US-ME,"Van Buren",no,,,05B
6811,05CA,heliport,"Lost Hills Sheriff's Station Heliport",34,-119,888,NA,US,US-CA,Calabasas,no,05CA,,05CA
6812,05CL,small_airport,"Pope Valley Airport",39,-122,618,NA,US,US-CA,"Pope Valley",no,05CL,,05CL
6813,05CO,small_airport,"Rancho de Aereo Airport",40,-105,4978,NA,US,US-CO,Mead,no,05CO,,05CO
6814,05CT,heliport,"O And G Heliport",42,-73,600,NA,US,US-CT,Torrington,no,05CT,,05CT
6815,05FA,small_airport,"Melanie's Airport",31,-86,295,NA,US,US-FL,Florala,no,05FA,,05FA
6816,05FD,heliport,"Aventura Heliport",26,-80,6,NA,US,US-FL,"North Miami Beach",no,05FD,,05FD
6817,05FL,small_airport,"Charlton Strip",27,-81,36,NA,US,US-FL,"La Belle",no,05FL,,05FL
6818,05GA,small_airport,"Raju Airport",32,-85,625,NA,US,US-GA,Richland,no,05GA,,05GA
6819,05IA,small_airport,"Spotts Field",43,-93,1155,NA,US,US-IA,"Nora Springs",no,05IA,,05IA
6820,05ID,small_airport,"Running Creek Ranch Airport",46,-115,2969,NA,US,US-ID,"Elk City",no,05ID,,05ID
6821,05II,closed,"Reichhart Airport",41,-85,795,NA,US,US-IN,"New Haven",no,,,
6822,05IL,small_airport,"Classic Landings Airport",41,-88,635,NA,US,US-IL,Bonfield,no,05IL,,05IL
6823,05IN,small_airport,"Cooper Airport",40,-87,860,NA,US,US-IN,Belleville,no,05IN,,05IN
6824,05IS,small_airport,"Hardy Airport",40,-89,605,NA,US,US-IL,"Mount Auburn",no,05IS,,05IS
6825,05KS,small_airport,"Darbro Field",37,-96,945,NA,US,US-KS,"Elk City",no,05KS,,05KS
6826,05KY,small_airport,"Cartersville Airport",38,-84,1070,NA,US,US-KY,"Paint Lick",no,05KY,,05KY
6827,05LA,small_airport,"Greg's Flying Service Airport",32,-92,76,NA,US,US-LA,Winnsboro,no,05LA,,05LA
6828,05LL,heliport,"Midwest Heliport",42,-88,710,NA,US,US-IL,Willowbrook,no,05LL,,05LL
6829,05LS,small_airport,"Grass Roots Airport",31,-92,83,NA,US,US-LA,Alexandria,no,05LS,,05LS
6830,05M,heliport,"Pauls Valley General Hospital Heliport",35,-97,911,NA,US,US-OK,"Pauls Valley",no,,,
6831,05MA,heliport,"Bentley Heliport",43,-71,80,NA,US,US-MA,Ipswich,no,05MA,,05MA
6832,05MD,small_airport,"Breezecroft Airport",39,-76,20,NA,US,US-MD,Chestertown,no,05MD,,05MD
6833,05ME,small_airport,"Drisko Airport",45,-68,70,NA,US,US-ME,Jonesboro,no,05ME,,05ME
6834,05MO,closed,"Portageville Community Heliport",36,-90,272,NA,US,US-MO,Portageville,no,,,
6835,05MS,heliport,"VA Medical Center Jackson Heliport",32,-90,359,NA,US,US-MS,Jackson,no,05MS,,05MS
6836,05NC,closed,"Brunswick Community Hospital Heliport",34,-78,63,NA,US,US-NC,Supply,no,,,
6837,05NE,small_airport,"Mc Kay Airport",42,-98,2010,NA,US,US-NE,Spalding,no,05NE,,05NE
6838,05NH,heliport,"Stumpfield Heliport",43,-71,200,NA,US,US-NH,Kensington,no,05NH,,05NH
6839,05NJ,heliport,"Paulus Hook Pier Heliport",41,-74,7,NA,US,US-NJ,"Jersey City",no,05NJ,,05NJ
6840,05NY,heliport,"Oswego County At Pulaski Heliport",44,-76,445,NA,US,US-NY,Pulaski,no,05NY,,05NY
6841,05OI,small_airport,"Dorlon Airpark",41,-82,830,NA,US,US-OH,"Columbia Station",no,05OI,,05OI
6842,05OK,closed,"Hawk Haven Airport",36,-98,1075,NA,US,US-OK,Crescent,no,,,
6843,05OR,small_airport,"Peacock Ranch Airport",45,-117,3500,NA,US,US-OR,Enterprise,no,05OR,,05OR
6844,05PA,heliport,"PECO Mob. Heliport",40,-75,110,NA,US,US-PA,Philadelphia,no,05PA,,05PA
6845,05PN,heliport,"State Police Area Iii Heliport",40,-77,485,NA,US,US-PA,Harrisburg,no,05PN,,05PN
6846,05PS,small_airport,"Mills Brothers Airport",40,-78,1210,NA,US,US-PA,Neelyton,no,05PS,,05PS
6847,05S,small_airport,"Vernonia Airfield",46,-123,647,NA,US,US-OR,Vernonia,no,05S,,05S
6848,05TA,small_airport,"Brandes Air Field",30,-96,276,NA,US,US-TX,Sealy,no,05TA,,05TA
6849,05TE,small_airport,"Hilde-Griff Field",31,-98,950,NA,US,US-TX,Georgetown,no,05TE,,05TE
6850,05TN,closed,"Thurmond Glenn Field",36,-90,285,NA,US,US-TN,Covington,no,,,
6851,05TS,small_airport,"Dew Drop Airport",33,-97,750,NA,US,US-TX,Justin,no,05TS,,05TS
6852,05TX,small_airport,"Circle A Ranch Airport",32,-97,608,NA,US,US-TX,Blum,no,05TX,,05TX
6853,05UT,closed,"Oljato Airport",37,-110,4838,NA,US,US-UT,"Oljato-Monument Valley",no,,,
6854,05V,small_airport,"Blanca Airport",37,-106,7720,NA,US,US-CO,Blanca,no,05V,,05V
6855,05VA,small_airport,"Providence Airport",37,-78,445,NA,US,US-VA,Farmville,no,05VA,,05VA
6856,05VT,heliport,"Port of Highgate Springs Heliport",45,-73,68,NA,US,US-VT,"Highgate Springs",no,05VT,,05VT
6857,05WA,heliport,"Sacred Heart Medical Center Helistop",48,-117,2220,NA,US,US-WA,Spokane,no,05WA,,05WA
6858,05WI,small_airport,"Ames Private Airport",43,-89,958,NA,US,US-WI,Darien,no,05WI,,05WI
6859,05XS,small_airport,"Johnson Memorial Airport",33,-92,105,NA,US,US-AR,Wilmot,no,05XS,,05XS
6860,05Y,small_airport,"Henning Municipal Airport",46,-95,1455,NA,US,US-MN,Henning,no,05Y,,05Y
6861,06AL,heliport,"Brown Stagefield Army Heliport",31,-86,415,NA,US,US-AL,"Fort Rucker/New Brockton",no,06AL,,06AL
6862,06AR,small_airport,"Bondair Airport",36,-92,499,NA,US,US-AR,Higden,no,06AR,,06AR
6863,06AZ,heliport,"Mercy Gilbert Medical Center Heliport",33,-112,1280,NA,US,US-AZ,Gilbert,no,06AZ,,06AZ
6864,06B,seaplane_base,"Lucky Landing Marina and Seaplane Base",45,-69,115,NA,US,US-ME,Glenburn,no,,,06B
6865,06CA,heliport,"SCE Solar I Heliport",35,-117,1942,NA,US,US-CA,Daggett,no,06CA,,06CA
6866,06CL,heliport,"Abc7-Tv Heliport",35,-118,520,NA,US,US-CA,Glendale,no,06CL,,06CL
6867,06CO,small_airport,"Jecan Airport",37,-104,5100,NA,US,US-CO,Branson,no,06CO,,06CO
6868,06FA,small_airport,"William P Gwinn Airport",27,-80,28,NA,US,US-FL,Jupiter,no,06FA,,06FA
6869,06FD,small_airport,"Grass Roots Airpark",29,-82,105,NA,US,US-FL,Mascotte,no,06FD,,06FD
6870,06FL,heliport,"Morton Plant Hospital Heliport",28,-83,3,NA,US,US-FL,Clearwater,no,06FL,,06FL
6871,06GA,heliport,"Smith Heliport",34,-84,1065,NA,US,US-GA,Redan,no,06GA,,06GA
6872,06I,seaplane_base,"Patoka Reservoir Landing Area Seaplane Base",38,-87,536,NA,US,US-IN,"French Lick",no,06I,,06I
6873,06IA,small_airport,"Rich Field",42,-92,880,NA,US,US-IA,Walford,no,06IA,,06IA
6874,06ID,small_airport,"Larkin Airport",43,-116,2750,NA,US,US-ID,Kuna,no,06ID,,06ID
6875,06IL,small_airport,"Humm Airport",42,-89,708,NA,US,US-IL,Earlville,no,06IL,,06IL
6877,06IS,small_airport,"Sinele Strip",41,-91,695,NA,US,US-IL,Nauvoo,no,06IS,,06IS
6878,06KS,heliport,"Riverside Hospital Airlift Heliport",38,-97,1332,NA,US,US-KS,Wichita,no,06KS,,06KS
6879,06KY,closed,"Falcon Heliport",38,-83,751,NA,US,US-KY,Jackson,no,,,
6881,06LL,closed,"Hammersmith Heliport",42,-88,812,NA,US,US-IL,Elburn,no,,,
6882,06LS,heliport,"Tembec Heliport",31,-91,85,NA,US,US-LA,"St Francisville",no,06LS,,06LS
6883,06MA,heliport,"The Barn Heliport",43,-72,210,NA,US,US-MA,Pepperell,no,06MA,,06MA
6884,06MD,heliport,"Johns Hopkins Bayview Hospital Heliport",39,-77,132,NA,US,US-MD,Baltimore,no,06MD,,06MD
6885,06MI,heliport,"Henry Ford Jackson Hospital Heliport",42,-84,978,NA,US,US-MI,Jackson,no,06MI,,06MI
6887,06MO,small_airport,"Noahs Ark Airport",39,-95,755,NA,US,US-MO,Waldron,no,06MO,,06MO
6888,06MT,small_airport,"Torgerson Airport",49,-112,3541,NA,US,US-MT,Ethridge,no,06MT,,06MT
6889,06N,small_airport,"Randall Airport",41,-74,523,NA,US,US-NY,Middletown,no,K06N,,06N
6890,06NC,small_airport,"Tailwinds Airport",35,-79,163,NA,US,US-NC,"St. Pauls",no,06NC,,06NC
6891,06ND,small_airport,"Fitterer's Strip",47,-102,2180,NA,US,US-ND,"Glen Ullin",no,06ND,,06ND
6892,06NE,heliport,"St Marys Hospital Heliport",41,-96,1015,NA,US,US-NE,"Nebraska City",no,06NE,,06NE
6893,06NH,small_airport,"Cole Farm Airport",43,-71,160,NA,US,US-NH,Kensington,no,06NH,,06NH
6894,06NJ,closed,"Chemical Bank - New Jersey Na Heliport",40,-75,25,NA,US,US-NJ,Moorestown,no,,,
6895,06NY,small_airport,"Murphy Field",43,-76,1100,NA,US,US-NY,Auburn,no,06NY,,06NY
6896,06O1,heliport,"Saint Elizabeth Medical Center Heliport",41,-81,1020,NA,US,US-OH,Youngstown,no,06O1,,06O1
6897,06OH,small_airport,"Hal Joy Airfield",42,-81,1160,NA,US,US-OH,Williamsfield,no,06OH,,06OH
6898,06OI,small_airport,"Green Acres Airport",40,-84,915,NA,US,US-OH,"New Lebanon",no,06OI,,06OI
6899,06OK,heliport,"Albert Lodge Heliport",37,-95,900,NA,US,US-OK,Grove,no,06OK,,06OK
6900,06OR,small_airport,"Hayden Mountain Airport",45,-123,850,NA,US,US-OR,"Forest Grove",no,06OR,,06OR
6901,06PA,small_airport,"Freefall Oz Airport",42,-78,1440,NA,US,US-PA,Ceres,no,06PA,,06PA
6902,06PS,heliport,"Cherokee Island Castle Heliport",40,-80,760,NA,US,US-PA,"West Homestead",no,06PS,,06PS
6903,06R,closed,"Grawunder Field",30,-96,289,NA,US,US-TX,Bellville,no,,,
6904,06SN,closed,"Beyer Farm Airport",38,-97,1340,NA,US,US-KS,Derby,no,,,
6905,06TA,small_airport,"Glaser Field",31,-97,480,NA,US,US-TX,Buckholts,no,06TA,,06TA
6906,06TE,small_airport,"Ainsworth Airport",30,-95,129,NA,US,US-TX,Cleveland,no,06TE,,06TE
6907,06TN,small_airport,"Hunter STOLport",36,-87,640,NA,US,US-TN,Columbia,no,06TN,,06TN
6908,06TS,closed,"Roscoe Mc Connico Airport",32,-96,350,NA,US,US-TX,Kerens,no,,,
6909,06TX,small_airport,"Diamond N Ranch Airport",30,-96,215,NA,US,US-TX,Hockley,no,06TX,,06TX
6910,06VA,small_airport,"Mount Horeb Field",38,-79,1160,NA,US,US-VA,Grottoes,no,06VA,,06VA
6911,06WA,heliport,"N A Degerstrom Yard Heliport",48,-117,2013,NA,US,US-WA,Spokane,no,06WA,,06WA
6912,06WI,closed,"Young Private Airport",46,-92,1075,NA,US,US-WI,Frederic,no,,,
6913,06XS,small_airport,"Campbell Field",33,-97,546,NA,US,US-TX,Aubrey,no,06XS,,06XS
6914,06Y,small_airport,"Herman Municipal Airport",46,-96,1068,NA,US,US-MN,Herman,no,06Y,,06Y
6915,07AL,heliport,"Tac X Stagefield Army Heliport",31,-86,132,NA,US,US-AL,"Fort Rucker/Samson",no,07AL,,07AL
6916,07AR,small_airport,"Morrilton Airport",35,-93,300,NA,US,US-AR,Morrilton,no,07AR,,07AR
6917,07AZ,closed,"John C Lincoln Hospital Heliport",34,-112,1255,NA,US,US-AZ,Phoenix,no,,,
6918,07B,small_airport,"Blue Hill Airport",44,-69,360,NA,US,US-ME,"Blue Hill",no,07B,,07B
6919,07CA,closed,"West Side Hospital Heliport",35,-119,850,NA,US,US-CA,Taft,no,,,
6920,07CL,small_airport,"Richvale Airport",39,-122,100,NA,US,US-CA,Richvale,no,07CL,,07CL
6921,07CO,small_airport,"Comanche Creek Airport",39,-104,6620,NA,US,US-CO,Kiowa,no,07CO,,07CO
6922,07CT,closed,"TNT Heliport",41,-72,430,NA,US,US-CT,Salem,no,,,
6923,07D,closed,"Tackaberry Airport",43,-83,764,NA,US,US-MI,Avoca,no,,,
6924,07FA,small_airport,"Ocean Reef Club Airport",25,-80,8,NA,US,US-FL,"Key Largo",no,07FA,OCA,07FA
6925,07FD,closed,"Flying G Ranch STOLport",30,-83,90,NA,US,US-FL,Lee,no,,,
6926,07FL,closed,"Southwest Florida Regional Medical Center Heliport",27,-82,18,NA,US,US-FL,"Fort Myers",no,,,
6927,07GA,small_airport,"Alcovy Airport",34,-84,750,NA,US,US-GA,Covington,no,07GA,,07GA
6928,07I,seaplane_base,"Lake Monroe Seaplane Base",39,-86,538,NA,US,US-IN,Bloomington,no,07I,,07I
6929,07ID,closed,"Interstate Airport",42,-113,4580,NA,US,US-ID,Malta,no,,,
6930,07II,heliport,"St Vincent Jennings Hospital Heliport",39,-86,740,NA,US,US-IN,"North Vernon",no,07II,,07II
6931,07IN,small_airport,"Gray Airport",40,-86,750,NA,US,US-IN,Boggstown,no,07IN,,07IN
6932,07K,small_airport,"Central City Municipal - Larry Reineke Field",41,-98,1717,NA,US,US-NE,"Central City",no,07K,,07K
6933,07KS,small_airport,"Heape Field",38,-97,1321,NA,US,US-KS,Augusta,no,07KS,,07KS
6934,07KY,small_airport,"Blue Lick Airport",38,-86,532,NA,US,US-KY,Louisville,no,07KY,,07KY
6936,07LS,heliport,"Louisiana State Police Troop F Heliport",33,-92,80,NA,US,US-LA,Monroe,no,07LS,,07LS
6937,07MA,heliport,"West Pond Heliport",42,-71,149,NA,US,US-MA,Plymouth,no,07MA,,07MA
6938,07MD,small_airport,"Baugher's Orchard Airport",40,-77,700,NA,US,US-MD,Westminster,no,07MD,,07MD
6939,07ME,heliport,"Westbrook Heliport",44,-70,250,NA,US,US-ME,Westbrook,no,07ME,,07ME
6940,07MI,small_airport,"Scott Airstrip",44,-85,1065,NA,US,US-MI,Lake,no,07MI,,07MI
6941,07MN,small_airport,"Dairyview Airport",44,-96,1680,NA,US,US-MN,Hadley,no,07MN,,07MN
6942,07MO,small_airport,"Lake Sexton Airport",39,-94,880,NA,US,US-MO,Warrensburg,no,07MO,,07MO
6943,07MT,small_airport,"Glasgow Industrial Airport",48,-107,2762,NA,US,US-MT,Glasgow,no,07MT,,07MT
6944,07N,small_airport,"Bermudian Valley Airpark",40,-77,470,NA,US,US-PA,"Washington Township",no,K07N,,07N
6945,07NC,small_airport,"Hawks Meadow Airport",35,-81,625,NA,US,US-NC,Waxhaw,no,07NC,,07NC
6946,07NH,seaplane_base,"Diving Rock Seaplane Base",43,-72,1404,NA,US,US-NH,Washington,no,07NH,,07NH
6947,07NJ,heliport,"Hackensack UMC Palisades Heliport",41,-74,10,NA,US,US-NJ,"North Bergen",no,07NJ,,07NJ
6948,07NY,heliport,"Mmc Heliport",43,-75,1320,NA,US,US-NY,Monticello,no,07NY,,07NY
6949,07OH,closed,"Tennessee Gas Heliport",40,-82,1025,NA,US,US-OH,Claysville,no,,,
6950,07OK,small_airport,"Pleasant Valley Airport",35,-99,1322,NA,US,US-OK,Snyder,no,07OK,,07OK
6951,07OR,small_airport,"Bruce's Airport",45,-123,250,NA,US,US-OR,Milwaukie,no,07OR,,07OR
6952,07SN,small_airport,"Churchill Airport",40,-99,1965,NA,US,US-KS,Phillipsburg,no,07SN,,07SN
6953,07TA,small_airport,"Salaika Aviation Airport",29,-95,30,NA,US,US-TX,Danbury,no,07TA,,07TA
6954,07TE,small_airport,"Cuddihy Field",28,-98,39,NA,US,US-TX,"Corpus Christi",no,07TE,,07TE
6955,07TN,small_airport,"Corntassel Airport",36,-84,970,NA,US,US-TN,Vonore,no,07TN,,07TN
6956,07TS,small_airport,"Cross-Country Estates Airport",31,-98,690,NA,US,US-TX,Hutto,no,07TS,,07TS
6957,07TX,heliport,"Pecks Heliport",33,-96,660,NA,US,US-TX,Princeton,no,07TX,,07TX
6958,07VA,small_airport,"Alpha Hotel Airport",37,-79,350,NA,US,US-VA,Clover,no,07VA,,07VA
6959,07VT,small_airport,"Meadow STOLport",44,-73,801,NA,US,US-VT,Jericho,no,07VT,,07VT
6960,07WA,heliport,"Multicare Deaconess Hospital Heliport",48,-117,2110,NA,US,US-WA,Spokane,no,07WA,,07WA
6961,07WI,closed,"Bartell Strip",43,-88,990,NA,US,US-WI,"Genessee Depot",no,,,
6962,07XS,heliport,"Allen Ponderosa Heliport",33,-97,840,NA,US,US-TX,Crowley,no,07XS,,07XS
6963,07Y,small_airport,"Hill City-Quadna Mountain Airport",47,-94,1289,NA,US,US-MN,"Hill City",no,07Y,,07Y
6964,08AR,closed,"Crittenden Regional Hospital Heliport",35,-90,206,NA,US,US-AR,"West Memphis",no,,,
6965,08AZ,heliport,"Mesa Police Heliport",33,-112,1240,NA,US,US-AZ,Mesa,no,08AZ,,08AZ
6966,08B,small_airport,"Merrymeeting Field",44,-70,65,NA,US,US-ME,Bowdoinham,no,08B,,08B
6967,08CA,heliport,"PG&E Placerville Service Center Heliport",39,-121,1810,NA,US,US-CA,Placerville,no,08CA,,08CA
6968,08CL,small_airport,"Kistler Ranch Airport",38,-121,1025,NA,US,US-CA,Jamestown,no,08CL,,08CL
6969,08CO,small_airport,"Terra Firma Airport",39,-104,5600,NA,US,US-CO,Rush,no,08CO,,08CO
6970,08CT,seaplane_base,"Seavair's Landing Seaplane Base",42,-73,881,NA,US,US-CT,Winsted,no,08CT,,08CT
6971,08F,small_airport,"City of Coalgate Airport",35,-96,615,NA,US,US-OK,Coalgate,no,08F,,08F
6972,08FA,small_airport,"Duda Airstrip",27,-81,35,NA,US,US-FL,"La Belle",no,08FA,,08FA
6973,08FD,small_airport,"Sunniland Ranch Airport",27,-81,65,NA,US,US-FL,Okeechobee,no,08FD,,08FD
6974,08FL,small_airport,"J. H. Hendrie Farms Airport",27,-81,103,NA,US,US-FL,"Lake Placid",no,08FL,,08FL
6975,08G,heliport,"Salt Fork Lodge Heliport",40,-82,960,NA,US,US-OH,Cambridge,no,08G,,08G
6976,08GA,small_airport,"Sapelo Island Airport",31,-81,12,NA,US,US-GA,Darien,no,08GA,,08GA
6977,08ID,small_airport,"Symms Airport",44,-117,2680,NA,US,US-ID,Marsing,no,08ID,,08ID
6978,08II,heliport,"Parkview Lagrange Hospital Heliport",42,-85,943,NA,US,US-IN,Lagrange,no,08II,,08II
6979,08IL,closed,"Harms Airstrip",42,-90,643,NA,US,US-IL,Tampico,no,,,
6980,08IS,small_airport,"Hemmer RLA Restricted Landing Area",38,-89,400,NA,US,US-IL,"Du Quoin",no,08IS,,08IS
6981,08KS,small_airport,"Alderson Airport",39,-98,1250,NA,US,US-KS,Bennington,no,08KS,,08KS
6982,08KY,small_airport,"Boss Airport",37,-85,820,NA,US,US-KY,Burnside,no,08KY,,08KY
6983,08LA,heliport,"Air Oil Inc Nr 2 Heliport",30,-90,4,NA,US,US-LA,Harahan,no,08LA,,08LA
6984,08LL,small_airport,"Sauer Airport",41,-88,665,NA,US,US-IL,Dwight,no,08LL,,08LL
6985,08LS,small_airport,"Aeleron Airport",30,-92,51,NA,US,US-LA,Sunset,no,08LS,,08LS
6986,08MA,small_airport,"Wormid Airport",42,-71,360,NA,US,US-MA,Southborough,no,08MA,,08MA
6987,08MD,heliport,"UM Saint Joseph Medical Center Heliport",39,-77,470,NA,US,US-MD,Towson,no,08MD,,08MD
6988,08ME,small_airport,"Lindbergh Airport",45,-70,554,NA,US,US-ME,Avon,no,08ME,,08ME
6989,08MI,heliport,"Sparrow Hospital Heliport",43,-85,1019,NA,US,US-MI,Lansing,no,08MI,,08MI
6990,08MN,seaplane_base,"Christenson Point Seaplane Base",48,-93,1372,NA,US,US-MN,Chisholm/Hibbing,no,08MN,,08MN
6991,08MO,small_airport,"Twin Oaks Airport",37,-94,955,NA,US,US-MO,Jasper,no,08MO,,08MO
6992,08MS,small_airport,"Williams Field",35,-90,345,NA,US,US-MS,Coldwater,no,08MS,,08MS
6993,08MT,small_airport,"Matovich Airport",47,-109,3450,NA,US,US-MT,"Grass Range",no,08MT,,08MT
6994,08N,small_airport,"Keller Brothers Airport",40,-76,550,NA,US,US-PA,Lebanon,no,08N,,08N
6995,08NC,small_airport,"Whiteheart Farm Airport",36,-80,750,NA,US,US-NC,Lewisville,no,08NC,,08NC
6996,08ND,small_airport,"Brecht Strip",47,-102,1990,NA,US,US-ND,"Golden Valley",no,08ND,,08ND
6997,08NE,small_airport,"Laurel Municipal Airport",42,-97,1467,NA,US,US-NE,Laurel,no,08NE,,08NE
6998,08NH,heliport,"Memorial Hospital Heliport",44,-71,574,NA,US,US-NH,"North Conway",no,08NH,,08NH
6999,08NJ,heliport,"St Barnabas Medical Center Heliport",41,-74,429,NA,US,US-NJ,Livingston,no,08NJ,,08NJ
7000,08NY,small_airport,"Md1 Airport",41,-75,650,NA,US,US-NY,Middletown,no,08NY,,08NY
7001,08OH,small_airport,"Kenley Airport",41,-81,1230,NA,US,US-OH,Hartford,no,08OH,,08OH
7002,08OK,small_airport,"Parks Airport",35,-95,635,NA,US,US-OK,Wilburton,no,08OK,,08OK
7003,08OR,small_airport,"Saxon Sycan Airport",43,-121,4990,NA,US,US-OR,"Silver Lake",no,08OR,,08OR
7004,08PA,heliport,"Pocono Raceway Heliport",41,-76,1812,NA,US,US-PA,"Long Pond",no,08PA,,08PA
7005,08PN,heliport,"Thomson Heliport",40,-76,310,NA,US,US-PA,Lancaster,no,08PN,,08PN
7006,08R,small_airport,"Richmond Airport",41,-72,130,NA,US,US-RI,"West Kingston",no,,,08R
7007,08TA,heliport,"Rancho Del Lago Heliport",30,-98,1208,NA,US,US-TX,Fischer,no,08TA,,08TA
7008,08TE,closed,"B J McCombs Sisterdale Airport",30,-99,1447,NA,US,US-TX,Comfort,no,,,
7009,08TS,closed,"Puesta Del Sol Airport",27,-99,420,NA,US,US-TX,"La Gloria",no,,,
7010,08TX,small_airport,"Cross Wind Airport",33,-98,1040,NA,US,US-TX,Weatherford,no,08TX,,08TX
7011,08U,small_airport,"Stevens-Crosby Airport",42,-116,6397,NA,US,US-NV,Elko,no,K08U,,08U
7012,08VA,small_airport,"Springwood Airstrip",38,-80,1000,NA,US,US-VA,Buchanan,no,08VA,,08VA
7013,08WA,closed,"Manchester Laboratory Heliport",48,-123,2,NA,US,US-WA,Manchester,no,,,
7014,08WI,closed,"Pierick Airport",43,-90,1225,NA,US,US-WI,Highland,no,,,
7015,08XS,small_airport,"Peterson Airport",29,-96,45,NA,US,US-TX,"Old Ocean",no,08XS,,08XS
7016,09AR,heliport,"Magnolia Hospital Heliport",33,-93,310,NA,US,US-AR,Magnolia,no,09AR,,09AR
7017,09AZ,small_airport,"Stronghold Airport",32,-110,4970,NA,US,US-AZ,"St David",no,09AZ,,09AZ
7018,09CA,heliport,"Mee Memorial Hospital Heliport",36,-121,320,NA,US,US-CA,"King City",no,09CA,,09CA
7019,09CL,small_airport,"Alta Sierra Airport",39,-121,2275,NA,US,US-CA,"Grass Valley",no,09CL,,09CL
7020,09CO,small_airport,"Cottonwood Field",38,-104,4180,NA,US,US-CO,"Rocky Ford",no,09CO,,09CO
7021,09FA,small_airport,"Placid Lakes Airport",27,-81,130,NA,US,US-FL,"Lake Placid",no,09FA,,09FA
7022,09FD,small_airport,"Cheryl-Lane Landings Airport",29,-82,71,NA,US,US-FL,Bushnell,no,09FD,,09FD
7023,09FL,closed,"Sunnybreeze Airport",27,-82,60,NA,US,US-FL,Arcadia,no,,,
7024,09GA,small_airport,"Sunbelt Strip",31,-84,230,NA,US,US-GA,Moultrie,no,09GA,,09GA
7025,09I,seaplane_base,"International Falls Seaplane Base",49,-93,1110,NA,US,US-MN,"International Falls",no,09I,,09I
7026,09IA,small_airport,"Skydive Iowa Airport",42,-92,820,NA,US,US-IA,Brooklyn,no,09IA,,09IA
7027,09ID,small_airport,"Taylor Ranch Landing Area Airport",45,-115,3835,NA,US,US-ID,Moscow,no,09ID,,09ID
7028,09II,small_airport,"Gibbons Field",38,-86,880,NA,US,US-IN,Valeene,no,09II,,09II
7029,09IL,closed,"Silver Cross Hospital Heliport",42,-88,610,NA,US,US-IL,Joliet,no,,,
7030,09IN,small_airport,"Gordon Airport",41,-85,850,NA,US,US-IN,"Columbia City",no,09IN,,09IN
7031,09IS,heliport,"Swedish American Heliport",42,-89,874,NA,US,US-IL,Rockford,no,09IS,,09IS
7032,09KS,small_airport,"Coffman Airport",39,-95,970,NA,US,US-KS,Wellsville,no,09KS,,09KS
7033,09KY,heliport,"Baptist Hospital East Heliport",38,-86,531,NA,US,US-KY,Louisville,no,09KY,,09KY
7034,09LA,heliport,"Era Helicopters Fourchon Helibase Heliport",29,-90,2,NA,US,US-LA,"Golden Meadow",no,09LA,,09LA
7035,09LL,small_airport,"Pine Hill Airport",42,-89,1000,NA,US,US-IL,Capron,no,09LL,,09LL
7036,09LS,heliport,"West Feliciana Sheriff's Office Heliport",31,-91,181,NA,US,US-LA,"St Francisville",no,09LS,,09LS
7037,09MA,small_airport,"Kallander Field",42,-72,403,NA,US,US-MA,Southborough,no,09MA,,09MA
7038,09ME,small_airport,"Perrotti Skyranch Airfield",43,-71,260,NA,US,US-ME,Berwick,no,09ME,,09ME
7039,09MI,heliport,"Michigan National Guard Headquarters Heliport",43,-85,842,NA,US,US-MI,Lansing,no,09MI,,09MI
7040,09MN,closed,"W Johnson Field",45,-96,1060,NA,US,US-MN,"Hazel Run",no,,,
7041,09MO,small_airport,"Hogue Farm Airport",37,-93,1210,NA,US,US-MO,Willard,no,09MO,,09MO
7042,09N,small_airport,"Airhaven Airport",42,-74,450,NA,US,US-NY,Staatsburg,no,09N,,09N
7043,09NC,small_airport,"William Irving Lewis Airport",35,-79,310,NA,US,US-NC,Broadway,no,09NC,,09NC
7044,09NE,small_airport,"Summer Hill Farm Airport",41,-96,1250,NA,US,US-NE,Bennington,no,09NE,,09NE
7045,09NJ,heliport,"Stonebridge Farm Helistop",41,-75,100,NA,US,US-NJ,Somerville,no,09NJ,,09NJ
7046,09NY,heliport,"Spring Lake Fire Department Heliport",42,-74,254,NA,US,US-NY,Kingston,no,09NY,,09NY
7047,09OK,small_airport,"Ragtime Aerodrome",36,-96,700,NA,US,US-OK,Collinsville,no,09OK,,09OK
7048,09OR,heliport,"Mid-Columbia Medical Center Heliport",46,-121,487,NA,US,US-OR,"The Dalles",no,09OR,,09OR
7049,09PA,small_airport,"Eagle Field",41,-78,1780,NA,US,US-PA,"Port Matilda",no,09PA,,09PA
7050,09PN,heliport,"Hundley Residence Heliport",41,-75,480,NA,US,US-PA,Kintersville,no,09PN,,09PN
7051,09S,small_airport,"Sullivan Lake State Airport",49,-117,2614,NA,US,US-WA,"Metaline Falls",no,09S,,09S
7052,09TE,small_airport,"Running M Ranch Airport",32,-98,787,NA,US,US-TX,"Glen Rose",no,09TE,,09TE
7053,09TN,heliport,"Univ of Tennessee Medical Center Heliport",36,-84,924,NA,US,US-TN,Knoxville,no,09TN,,09TN
7054,09TS,small_airport,"Pitcock Rosillos Mountain Ranch Airport",29,-103,3100,NA,US,US-TX,Marathon,no,09TS,,09TS
7055,09TX,small_airport,"Smokey Mountain Ranch Airport",31,-102,2522,NA,US,US-TX,Sheffield,no,09TX,,09TX
7056,09VA,small_airport,"Alum Ridge STOLport",37,-80,2375,NA,US,US-VA,Floyd,no,09VA,,09VA
7057,09VG,heliport,"Augusta Medical Center Heliport",38,-79,1390,NA,US,US-VA,Fishersville,no,09VG,,09VG
7058,09W,heliport,"South Capitol Street Heliport",39,-77,10,NA,US,US-DC,Washington,no,,,09W
7059,09WA,heliport,"Holy Family Hospital Heliport",48,-117,2081,NA,US,US-WA,Spokane,no,09WA,,09WA
7060,09WI,small_airport,"Parkway Farm Strip",44,-91,705,NA,US,US-WI,Holmen,no,09WI,,09WI
7061,09XS,heliport,"Baptist Medical Center Heliport",29,-98,710,NA,US,US-TX,"San Antonio",no,09XS,,09XS
7062,09Y,seaplane_base,"Wipline Seaplane Base",45,-93,687,NA,US,US-MN,"Inver Grove Hgts",no,09Y,,09Y
7063,0AK,small_airport,"Pilot Station Airport",62,-163,305,NA,US,US-AK,"Pilot Station",yes,,PQS,0AK
7064,0AK0,small_airport,"Scotts Airport",64,-147,800,NA,US,US-AK,Salcha,no,0AK0,,0AK0
7065,0AK1,small_airport,"Anderson Lake Airport",62,-149,463,NA,US,US-AK,Wasilla,no,0AK1,,0AK1
7066,0AK3,small_airport,"Parker Lake Airport",62,-150,250,NA,US,US-AK,"Montana Creek",no,0AK3,,0AK3
7067,0AK5,small_airport,"Young Creek Airport",61,-143,1580,NA,US,US-AK,"May Creek",no,0AK5,,0AK5
7068,0AK6,small_airport,"Victory Airport",62,-148,1800,NA,US,US-AK,"Victory Bible Camp",no,0AK6,,0AK6
7069,0AK7,small_airport,"Bradley Lake Hydroelectric Project Airstrip",60,-151,18,NA,US,US-AK,Homer,no,0AK7,,0AK7
7070,0AK8,closed,"Pollux Heliport",65,-147,515,NA,US,US-AK,"North Pole",no,,,
7071,0AK9,small_airport,"Falcon Lake Strip",61,-150,110,NA,US,US-AK,"Point Mackenzie",no,0AK9,,0AK9
7072,0AL0,heliport,"Huntsville Field",35,-87,619,NA,US,US-AL,Huntsville,no,0AL0,,0AL0
7073,0AL1,small_airport,"Resort Airport",30,-88,97,NA,US,US-AL,Foley,no,0AL1,,0AL1
7074,0AL2,heliport,"Clay County Hospital Heliport",33,-86,1040,NA,US,US-AL,Ashland,no,0AL2,,0AL2
7075,0AL3,heliport,"Hospital Pad Heliport",31,-87,295,NA,US,US-AL,Evergreen,no,0AL3,,0AL3
7076,0AL4,heliport,"Dekalb Regional Medical Center Heliport",34,-86,870,NA,US,US-AL,"Fort Payne",no,0AL4,,0AL4
7077,0AL5,small_airport,"Flomaton Airport",31,-87,247,NA,US,US-AL,Flomaton,no,0AL5,,0AL5
7078,0AL6,heliport,"D.W. Mcmillian Memorial Hospital Heliport",31,-87,155,NA,US,US-AL,Brewton,no,0AL6,,0AL6
7079,0AL7,heliport,"Gadsden Regl Medical Center Heliport",34,-86,621,NA,US,US-AL,Gadsden,no,0AL7,,0AL7
7080,0AL8,heliport,"Brookwood Medical Center Heliport",33,-87,763,NA,US,US-AL,Birmingham,no,0AL8,,0AL8
7081,0AL9,small_airport,"Wilson Creek Airport",35,-88,590,NA,US,US-AL,Florence,no,0AL9,,0AL9
7082,0AR0,heliport,"Northwest Medical Center Springdale Heliport",36,-94,1352,NA,US,US-AR,Springdale,no,0AR0,,0AR0
7083,0AR1,closed,"Hooterville South Airport",35,-93,370,NA,US,US-AR,Centerville,no,,,
7084,0AR2,small_airport,"Mission Field-Marotti Memorial Airport",35,-90,217,NA,US,US-AR,Crawfordsville,no,0AR2,,0AR2
7085,0AR3,closed,"Taylor's Air Strip",36,-93,2160,NA,US,US-AR,Deer,no,,,
7086,0AR4,heliport,"Ozarks Community Hospital Heliport",36,-94,1251,NA,US,US-AR,Gravette,no,0AR4,,0AR4
7087,0AR5,heliport,"Rgnl Medical Center Heliport",36,-91,382,NA,US,US-AR,Jonesboro,no,0AR5,,0AR5
7088,0AR6,heliport,"Ami National Park Medical Center Heliport",34,-93,547,NA,US,US-AR,"Hot Springs",no,0AR6,,0AR6
7089,0AR7,closed,"Yancopin Airport",34,-91,150,NA,US,US-AR,Watson,no,,,
7090,0AR8,heliport,"Howard Memorial Hospital Heliport",34,-94,437,NA,US,US-AR,Nashville,no,0AR8,,0AR8
7091,0AR9,heliport,"Eureka Springs Hospital Heliport",36,-94,1540,NA,US,US-AR,"Eureka Springs",no,0AR9,,0AR9
7092,0AZ0,heliport,"Arizona Heart Hospital Heliport",33,-112,1161,NA,US,US-AZ,Phoenix,no,0AZ0,,0AZ0
7093,0AZ1,closed,"Taylor Field",32,-111,2130,NA,US,US-AZ,Marana,no,,,
7094,0AZ2,small_airport,"Western Sky Airport",34,-114,1930,NA,US,US-AZ,Salome,no,0AZ2,,0AZ2
7095,0AZ4,small_airport,"Flying Bucket Ranch Airport",33,-112,1505,NA,US,US-AZ,Maricopa,no,0AZ4,,0AZ4
7096,0AZ5,small_airport,"Castle Well Airport",34,-113,2080,NA,US,US-AZ,Morristown,no,0AZ5,,0AZ5
7097,0AZ6,heliport,"St Joseph's Hospital Heliport",33,-112,1213,NA,US,US-AZ,Phoenix,no,0AZ6,,0AZ6
7098,0AZ7,closed,"Sunstate Heliport",33,-112,1180,NA,US,US-AZ,Phoenix,no,,,
7099,0B2,small_airport,"Brewer Airport",45,-69,124,NA,US,US-ME,Brewer,no,0B2,,0B2
7100,0B7,small_airport,"Warren-Sugarbush Airport",44,-73,1470,NA,US,US-VT,Warren,no,K0B7,,0B7
7101,0C1,small_airport,"Triple R Airport",39,-95,1000,NA,US,US-MO,Dearborn,no,0C1,,0C1
7102,0C2,small_airport,"Hinckley Airport",42,-89,760,NA,US,US-IL,Hinckley,no,0C2,,0C2
7103,0C5,small_airport,"Canadian Lakes Airport",44,-85,960,NA,US,US-MI,"Canadian Lakes",no,K0C5,,0C5
7104,0C7,small_airport,"Grandpas' Farm Mendota Airport",42,-89,727,NA,US,US-IL,Mendota,no,IL22,,IL22
7105,0C8,small_airport,"Cushing Field Ltd Airport",42,-89,640,NA,US,US-IL,Newark,no,0C8,,0C8
7106,0C9,heliport,"Coach & Paddock Heliport",41,-75,320,NA,US,US-NJ,Clinton,no,0C9,,0C9
7107,0CA0,closed,"Drew Medical Center Heliport",34,-118,180,NA,US,US-CA,"Los Angeles",no,,,
7108,0CA1,closed,"Northside Airpark",35,-120,190,NA,US,US-CA,"Santa Maria",no,,,
7109,0CA2,heliport,"VA Greater Los Angeles Health Care Center Heliport",34,-118,294,NA,US,US-CA,"Los Angeles",no,0CA2,,0CA2
7110,0CA3,small_airport,"Crawford Airport",35,-120,570,NA,US,US-CA,"Santa Ynez",no,0CA3,,0CA3
7111,0CA4,small_airport,"Shepherd Farm Airport",35,-120,660,NA,US,US-CA,"Santa Ynez",no,0CA4,,0CA4
7112,0CA5,small_airport,"Hoffman Private Airport",33,-117,3100,NA,US,US-CA,"Santa Ysabel",no,0CA5,,0CA5
7113,0CA6,small_airport,"Emory Ranch Airport",33,-116,480,NA,US,US-CA,Ocotillo,no,0CA6,,0CA6
7114,0CA7,closed,"Boeing Seal Beach (Rooftop) Heliport",34,-118,158,NA,US,US-CA,"Seal Beach",no,,,
7115,0CA8,closed,"Ward Ranch Airport",33,-117,2500,NA,US,US-CA,Aguanga,no,,,
7116,0CA9,small_airport,"Blech Ranch Airport",36,-120,1140,NA,US,US-CA,Shandon,no,0CA9,,0CA9
7117,0CD0,heliport,"Delta County Memorial Hospital Heliport",39,-108,5000,NA,US,US-CO,Delta,no,0CD0,,0CD0
7118,0CD1,heliport,"Colorado Plains Medical Center Heliport",40,-104,4356,NA,US,US-CO,"Fort Morgan",no,0CD1,,0CD1
7119,0CD2,small_airport,"Foxx Valley Airport",39,-104,5800,NA,US,US-CO,Yoder,no,0CD2,,0CD2
7120,0CD3,heliport,"Branch's Heliport",40,-105,4635,NA,US,US-CO,Kersey,no,0CD3,,0CD3
7121,0CD4,heliport,"Kauffman Heliport",40,-105,5120,NA,US,US-CO,Denver,no,0CD4,,0CD4
7122,0CD5,small_airport,"Pion Canyon Airport",37,-104,5686,NA,US,US-CO,Model,no,0CD5,,0CD5
7123,0CD6,heliport,"Exempla Good Samaritan Heliport",40,-105,5204,NA,US,US-CO,Lafayette,no,0CD6,,0CD6
7124,0CD7,small_airport,"Fox Hole Airport",40,-105,5135,NA,US,US-CO,Lafayette,no,0CD7,,0CD7
7125,0CD8,heliport,"Prowers Medical Center Heliport",38,-103,3575,NA,US,US-CO,Lamar,no,0CD8,,0CD8
7126,0CD9,heliport,"Swedish S.W. Medical Heliport",40,-105,5563,NA,US,US-CO,Littleton,no,0CD9,,0CD9
7127,0CL0,small_airport,"Yosemite Hidden Lake Ranch Airport",37,-120,500,NA,US,US-CA,Raymond,no,0CL0,,0CL0
7128,0CL1,small_airport,"Krey Field Airport",35,-118,3042,NA,US,US-CA,Adelanto,no,0CL1,,0CL1
7130,0CL3,small_airport,"John Nichols Field Airport",33,-117,490,NA,US,US-CA,Jamul,no,0CL3,,0CL3
7131,0CL4,heliport,"Glen Fed Heliport",34,-118,770,NA,US,US-CA,Glendale,no,0CL4,,0CL4
7132,0CL5,heliport,"The Atrium Heliport",34,-118,46,NA,US,US-CA,Irvine,no,0CL5,,0CL5
7133,0CL6,small_airport,"Bohunk's Airpark",35,-118,2410,NA,US,US-CA,Lancaster,no,0CL6,,0CL6
7134,0CL7,heliport,"Good Samaritan Hospital Heliport",34,-118,473,NA,US,US-CA,"Los Angeles",no,0CL7,,0CL7
7135,0CL8,small_airport,"Tera Ultralightport",36,-118,2510,NA,US,US-CA,Ridgecrest,no,0CL8,,0CL8
7136,0CL9,heliport,"Sce San Jacinto Valley Service Center Heliport",34,-117,1482,NA,US,US-CA,Romoland,no,0CL9,,0CL9
7137,0CO0,heliport,"Longmont United Hospital Heliport",40,-105,5047,NA,US,US-CO,Longmont,no,0CO0,,0CO0
7138,0CO1,small_airport,"Dave's Airport",40,-105,5170,NA,US,US-CO,Louisville,no,0CO1,,0CO1
7139,0CO2,small_airport,"Crested Butte Airpark",39,-107,8980,NA,US,US-CO,"Crested Butte",no,0CO2,CSE,0CO2
7140,0CO3,closed,"Greggs Nr 1 Airport",40,-105,5373,NA,US,US-CO,Bennett,no,,,
7141,0CO4,heliport,"Geo-Seis Helicopters Heliport",41,-105,4935,NA,US,US-CO,"Fort Collins",no,0CO4,,0CO4
7142,0CO5,closed,"Chenoweth Airport",40,-104,4697,NA,US,US-CO,"Last Chance",no,,,
7143,0CO6,small_airport,"Flying M & M Ranch Airport",38,-108,8000,NA,US,US-CO,Norwood,no,0CO6,,0CO6
7144,0CO7,heliport,"Century Helicopters Heliport",41,-105,4935,NA,US,US-CO,"Fort Collins",no,0CO7,,0CO7
7145,0CO8,small_airport,"Cartwheel Airport",40,-105,5010,NA,US,US-CO,Mead,no,0CO8,,0CO8
7146,0CO9,small_airport,"Van Treese Airport",38,-106,7613,NA,US,US-CO,"Monte Vista",no,0CO9,,0CO9
7147,0CT0,heliport,"Sharon Hospital Heliport",42,-73,640,NA,US,US-CT,Sharon,no,0CT0,,0CT0
7148,0CT1,heliport,"Bristol-Myers Squibb Company Heliport",41,-73,350,NA,US,US-CT,Wallingford,no,0CT1,,0CT1
7149,0CT2,heliport,"Windham Hospital Heliport",42,-72,330,NA,US,US-CT,Willimantic,no,0CT2,,0CT2
7150,0CT3,heliport,"N B G H Heliport",42,-73,431,NA,US,US-CT,"New Britain",no,0CT3,,0CT3
7151,0CT4,heliport,"Burke Heliport",42,-73,400,NA,US,US-CT,Prospect,no,0CT4,,0CT4
7152,0CT5,heliport,"St Francis Hospital Heliport",42,-73,184,NA,US,US-CT,Hartford,no,0CT5,,0CT5
7153,0CT6,heliport,"Middletown Heliport",42,-73,113,NA,US,US-CT,Middletown,no,0CT6,,0CT6
7154,0CT7,heliport,"Bridgeport Hospital Heliport",41,-73,80,NA,US,US-CT,Bridgeport,no,0CT7,,0CT7
7155,0CT8,heliport,"Danbury Hospital Heliport",41,-73,510,NA,US,US-CT,Danbury,no,0CT8,,0CT8
7156,0CT9,heliport,"Hartford Hospital Heliport",42,-73,211,NA,US,US-CT,Hartford,no,0CT9,,0CT9
7157,0D6,closed,"Wilber Municipal Airport",40,-97,1400,NA,US,US-NE,Wilber,no,,,
7158,0D7,small_airport,"Ada Airport",41,-84,949,NA,US,US-OH,Ada,no,0D7,,0D7
7159,0.00E+00,small_airport,"Corydon Airport",41,-93,1020,NA,US,US-IA,Corydon,no,K0E9,,0.00E+00
7160,0FA0,heliport,"Doral Resort & Country Club Heliport",26,-80,6,NA,US,US-FL,Miami,no,0FA0,,0FA0
7161,0FA1,small_airport,"Ott's Landing Airport",27,-82,65,NA,US,US-FL,Arcadia,no,0FA1,,0FA1
7162,0FD0,small_airport,"The 2A Ranch Airport",29,-81,40,NA,US,US-FL,"Ormond Beach",no,0FD0,,0FD0
7163,0FD1,heliport,"Panhandle Helicopter LLC Heliport",30,-86,20,NA,US,US-FL,"Panama City Beach",no,0FD1,,0FD1
7164,0FD2,heliport,"Dolphin Stadium Heliport",26,-80,8,NA,US,US-FL,Miami,no,0FD2,,0FD2
7165,0FD3,small_airport,"Dugger Field",30,-86,70,NA,US,US-FL,Freeport,no,0FD3,,0FD3
7166,0FD4,closed,"Cloverleaf Farms II Inc Heliport",29,-82,100,NA,US,US-FL,Reddick,no,,,
7167,0FD5,small_airport,"Breezy Knoll Airport",31,-86,235,NA,US,US-FL,"Defuniak Springs",no,0FD5,,0FD5
7169,0FD9,small_airport,"Joy Farms Airport",31,-86,290,NA,US,US-FL,"Defuniak Springs",no,0FD9,,0FD9
7170,0FL0,small_airport,"Harper's Fly-In Ranch Airport",27,-81,30,NA,US,US-FL,Clewiston,no,0FL0,,0FL0
7171,0FL1,closed,"Thompson Airfield",30,-83,110,NA,US,US-FL,Branford,no,,,
7172,0FL2,seaplane_base,"Alligator Drink Seaplane Base",29,-81,19,NA,US,US-FL,Geneva,no,0FL2,,0FL2
7173,0FL3,heliport,"Old Town Ems Heliport",30,-83,25,NA,US,US-FL,"Old Town",no,0FL3,,0FL3
7174,0FL4,heliport,"Jackson Heliport",31,-85,110,NA,US,US-FL,Alford,no,0FL4,,0FL4
7175,0FL5,seaplane_base,"Lake Conway South Seaplane Base",28,-81,80,NA,US,US-FL,"Belle Isle",no,0FL5,,0FL5
7176,0FL6,small_airport,"Stanchester Airport",28,-82,96,NA,US,US-FL,Lithia,no,27FA,,27FA
7177,0FL7,heliport,"Wcpx Tv-6 Heliport",29,-81,114,NA,US,US-FL,Orlando,no,0FL7,,0FL7
7179,0FL9,small_airport,"Mc Daniel Ranch Inc. Airport",26,-81,18,NA,US,US-FL,Clewiston,no,0FL9,,0FL9
7180,0G0,small_airport,"North Buffalo Suburban Airport",43,-79,588,NA,US,US-NY,Lockport,no,K0G0,,0G0
7181,0G5,seaplane_base,"Grand Marais/Cook County Seaplane Base",48,-90,1635,NA,US,US-MN,"Grand Marais",no,0G5,,0G5
7182,0GA0,small_airport,"Halls Flying Ranch Airport",33,-84,800,NA,US,US-GA,Hampton,no,0GA0,,0GA0
7183,0GA1,small_airport,"Mustang Field",34,-83,693,NA,US,US-GA,Hartwell,no,0GA1,,0GA1
7184,0GA2,small_airport,"Airnautique, Inc. Airport",34,-83,720,NA,US,US-GA,Hartwell,no,0GA2,,0GA2
7185,0GA3,small_airport,"Ayresouth Airport",34,-85,1287,NA,US,US-GA,Temple,no,0GA3,,0GA3
7186,0GA4,small_airport,"Paradise Falls Airport",34,-84,736,NA,US,US-GA,"Good Hope",no,,,
7187,0GA5,heliport,"Big Canoe Heliport",34,-84,1475,NA,US,US-GA,Jasper,no,0GA5,,0GA5
7188,0GA6,small_airport,"Sunset Strip",34,-84,780,NA,US,US-GA,Jersey,no,0GA6,,0GA6
7189,0GA7,closed,"Hickory Level Airfield",34,-85,1080,NA,US,US-GA,Carrollton,no,,,
7190,0GA8,small_airport,"Paso Fino Farm Airport",31,-83,200,NA,US,US-GA,Valdosta,no,0GA8,,0GA8
7191,0GA9,small_airport,"Roberta Industrial Park Airport",33,-84,505,NA,US,US-GA,Roberta,no,0GA9,,0GA9
7192,0GE0,small_airport,"Pinewood Airport",34,-85,1085,NA,US,US-GA,Douglasville,no,0GE0,,0GE0
7193,0GE1,small_airport,"Crystal Lake Airpark",32,-83,327,NA,US,US-GA,Irwinville,no,0GE1,,0GE1
7194,0GE3,small_airport,"Lookout Mountain Airport",35,-85,563,NA,US,US-GA,Trenton,no,0GE3,,0GE3
7195,0GE4,small_airport,"Pecan Patch Airstrip",33,-84,860,NA,US,US-GA,Sunnyside,no,0GE4,,0GE4
7196,0GE5,small_airport,"Mountain Airpark",35,-84,1438,NA,US,US-GA,Cleveland,no,0GE5,,0GE5
7197,0GE7,small_airport,"Carpenter Airport",34,-82,450,NA,US,US-GA,Appling,no,0GE7,,0GE7
7198,0GE9,small_airport,"Pegasus Ranch Airport",33,-82,230,NA,US,US-GA,"Rocky Ford",no,0GE9,,0GE9
7199,0H7,small_airport,"Kahoka Municipal Airport",40,-92,700,NA,US,US-MO,Kahoka,no,,,0H7
7200,0I2,small_airport,"Brazil Clay County Airport",39,-87,645,NA,US,US-IN,Brazil,no,0I2,,0I2
7201,0IA0,heliport,"Knoxville Area Community Hospital Heliport",41,-93,927,NA,US,US-IA,Knoxville,no,0IA0,,0IA0
7202,0IA1,heliport,"St Anthony Regional Hospital Heliport",42,-95,1300,NA,US,US-IA,Carroll,no,0IA1,,0IA1
7203,0IA2,heliport,"Audubon County Memorial Hospital Heliport",42,-95,1320,NA,US,US-IA,Audubon,no,0IA2,,0IA2
7204,0IA3,closed,"Hawkeye Airport",42,-92,883,NA,US,US-IA,Waterloo,no,,,
7205,0IA4,small_airport,"Sharar Field",41,-91,700,NA,US,US-IA,Mediapolis,no,0IA4,,0IA4
7206,0IA5,small_airport,"Moore Private Airport",41,-93,1060,NA,US,US-IA,Millerton,no,0IA5,,0IA5
7207,0IA6,closed,"Rinehart Airport",42,-92,920,NA,US,US-IA,Victor,no,,,
7208,0IA7,heliport,"Cromwell Heliport",41,-94,1300,NA,US,US-IA,Cromwell,no,0IA7,,0IA7
7209,0IA8,small_airport,"Hannen Airport",42,-92,925,NA,US,US-IA,"Center Point",no,0IA8,,0IA8
7210,0IA9,heliport,"Army Reserve Heliport",41,-91,725,NA,US,US-IA,Middleton,no,0IA9,,0IA9
7211,0ID0,small_airport,"South Fork Ranch Airport",44,-115,4861,NA,US,US-ID,Featherville,no,0ID0,,0ID0
7212,0ID1,small_airport,"Ziggy's Airport",43,-115,3225,NA,US,US-ID,Filer,no,0ID1,,0ID1
7213,0ID2,small_airport,"Flying Joseph Ranch Airport",44,-114,5600,NA,US,US-ID,May,no,0ID2,,0ID2
7214,0ID3,small_airport,"Coyote Run Airport",43,-116,3150,NA,US,US-ID,"Mountain Home",no,0ID3,,0ID3
7215,0ID4,small_airport,"Black Butte Ranch Airport",43,-114,4020,NA,US,US-ID,Shoshone,no,0ID4,,0ID4
7216,0ID5,small_airport,"Ez Lope Ranch Airport",43,-116,3130,NA,US,US-ID,Oreana,no,0ID5,,0ID5
7217,0ID6,heliport,"Steele Memorial Heliport",45,-114,4004,NA,US,US-ID,Salmon,no,67ID,,67ID
7218,0II0,small_airport,"Chuck's Airport",40,-85,955,NA,US,US-IN,Albany,no,0II0,,0II0
7219,0II1,closed,"Unsicker Airport",40,-86,816,NA,US,US-IN,Bremen,no,,,
7220,0II2,small_airport,"Creighton Airport",41,-86,820,NA,US,US-IN,Bremen,no,0II2,,0II2
7221,0II3,closed,"Miller Strip",41,-86,810,NA,US,US-IN,"Bunker Hill",no,,,
7222,0II5,small_airport,"Marshall Field",41,-87,705,NA,US,US-IN,Chalmers,no,0II5,,0II5
7223,0II6,closed,"Kropf Airport",42,-86,810,NA,US,US-IN,Goshen,no,,,
7224,0II7,small_airport,"Frost Field",40,-86,900,NA,US,US-IN,Greenfield,no,0II7,,0II7
7225,0II8,small_airport,"Sutton's Field",41,-87,740,NA,US,US-IN,Lowell,no,0II8,,0II8
7226,0II9,small_airport,"Winters Airport",40,-87,755,NA,US,US-IN,Martinsville,no,0II9,,0II9
7227,0IL0,heliport,"Hamilton Memorial Hospital Heliport",38,-89,440,NA,US,US-IL,"Mc Leansboro",no,0IL0,,0IL0
7228,0IL1,heliport,"Loyola University Medical Center Heliport",42,-88,623,NA,US,US-IL,Broadview,no,0IL1,,0IL1
7229,0IL3,closed,"Flying B Ranch Airport",40,-88,696,NA,US,US-IL,Danville,no,,,
7230,0IL4,heliport,"Advocate Good Samaritan Hospital Heliport",42,-88,772,NA,US,US-IL,"Downers Grove",no,0IL4,,0IL4
7231,0IL6,heliport,"Northwestern Memorial Healthcare Heliport",42,-89,852,NA,US,US-IL,DeKalb,no,0IL6,,0IL6
7232,0IL8,small_airport,"Walter Airport",42,-89,890,NA,US,US-IL,DeKalb,no,0IL8,,0IL8
7233,0IL9,small_airport,"Jack W Watson Airport",42,-89,880,NA,US,US-IL,DeKalb,no,0IL9,,0IL9
7234,0IN1,small_airport,"Snider Field",39,-88,400,NA,US,US-IN,Decker,no,0IN1,,0IN1
7235,0IN2,small_airport,"The Lazy K Airport",41,-85,835,NA,US,US-IN,Tocsin,no,0IN2,,0IN2
7236,0IN3,closed,"Graves Landing Strip",41,-87,704,NA,US,US-IN,Winamac,no,,,
7237,0IN4,small_airport,"Air Park Field",41,-85,750,NA,US,US-IN,"New Haven",no,0IN4,,0IN4
7238,0IN5,small_airport,"Byrne Field",38,-86,800,NA,US,US-IN,Byrneville,no,0IN5,,0IN5
7239,0IN7,closed,"Roto-Whirl/Holiday Heliport",40,-86,875,NA,US,US-IN,Indianapolis,no,,,
7240,0IN8,closed,"Roto-Whirl/Vantage Heliport",40,-86,726,NA,US,US-IN,Indianapolis,no,,,
7241,0IN9,small_airport,"Parrish Airport",38,-88,390,NA,US,US-IN,"Mount Vernon",no,0IN9,,0IN9
7242,0IS0,heliport,"Trinity Medical Center West Heliport",41,-91,664,NA,US,US-IL,"Rock Island",no,0IS0,,0IS0
7243,0IS2,heliport,"Evanston/Glenbrook Heliport",42,-88,678,NA,US,US-IL,Glenview,no,0IS2,,0IS2
7244,0IS3,small_airport,"Cady Aerial Restricted Landing Area",42,-90,630,NA,US,US-IL,"Rock Falls",no,0IS3,,0IS3
7245,0IS4,closed,"Dawson Farms Airport",40,-89,670,NA,US,US-IL,Lovington,no,,,
7246,0IS6,heliport,"Dongola Heliport",37,-89,383,NA,US,US-IL,Dongola,no,0IS6,,0IS6
7247,0IS8,heliport,"Blessing Hospital At 11th St Heliport",40,-91,650,NA,US,US-IL,Quincy,no,0IS8,,0IS8
7248,0IS9,heliport,"Bernardin Heliport",42,-89,830,NA,US,US-IL,"West Brooklyn",no,0IS9,,0IS9
7249,0J0,small_airport,"Abbeville Municipal Airport",32,-85,468,NA,US,US-AL,Abbeville,no,,,0J0
7250,0J8,small_airport,"Flying Ten Airport",30,-83,85,NA,US,US-FL,Archer,no,0J8,,0J8
7251,0K6,small_airport,"Dobie's Airport",36,-96,610,NA,US,US-OK,Inola,no,,,0K6
7252,0KS0,small_airport,"J V Ranch Airport",39,-96,1180,NA,US,US-KS,"Osage City",no,0KS0,,0KS0
7253,0KS2,closed,"Kellie Mann Airfield",39,-95,1045,NA,US,US-KS,Ottawa,no,,,
7254,0KS3,closed,"Camp Chippewa Airport",39,-95,1120,NA,US,US-KS,Ottawa,no,,,
7255,0KS4,small_airport,"Norris Airport",39,-95,1065,NA,US,US-KS,Lawrence,no,0KS4,,0KS4
7256,0KS6,closed,"Kendrigan Airport",37,-97,1240,NA,US,US-KS,Peck,no,,,
7257,0KS7,small_airport,"Mono Aircraft Airport",38,-98,1450,NA,US,US-KS,Cheney,no,0KS7,,0KS7
7258,0KS8,small_airport,"Pearce Field",37,-95,950,NA,US,US-KS,Parsons,no,0KS8,,0KS8
7259,0KS9,small_airport,"Lmn 120 Airport",38,-97,1330,NA,US,US-KS,Douglas,no,0KS9,,0KS9
7260,0KY0,small_airport,"Owen Air Park",39,-85,890,NA,US,US-KY,Owenton,no,0KY0,,0KY0
7261,0KY1,small_airport,"Arnemann Farms Airport",37,-87,504,NA,US,US-KY,Franklin,no,0KY1,,0KY1
7262,0KY2,heliport,"Mgt Station 2105 Heliport",38,-87,540,NA,US,US-KY,Hartford,no,0KY2,,0KY2
7263,0KY3,closed,"Tennessee Gas Heliport",39,-84,604,NA,US,US-KY,Load,no,,,
7264,0KY4,small_airport,"Cambron Field",38,-87,427,NA,US,US-KY,Owensboro,no,0KY4,,0KY4
7265,0KY5,small_airport,"Boyce Wafer Farm Airport",37,-86,600,NA,US,US-KY,Alvaton,no,,,0KY5
7266,0KY6,closed,"Tennessee Gas Heliport",38,-83,560,NA,US,US-KY,Burnaugh,no,,,
7267,0KY7,small_airport,"Clinton-Hickman County Airport",37,-89,360,NA,US,US-KY,Clinton,no,0KY7,,0KY7
7268,0KY8,closed,"Sky Airport",37,-84,850,NA,US,US-KY,Manchester,no,,,
7269,0KY9,closed,"Pine Mountain Aero Heliport",37,-83,1300,NA,US,US-KY,Whitesburg,no,,,
7270,0L4,small_airport,"Lida Junction Airport",37,-117,4684,NA,US,US-NV,Goldfield,no,0L4,,0L4
7271,0L5,small_airport,"Goldfield Airport",38,-117,5680,NA,US,US-NV,Goldfield,no,1A8,,1A8
7272,0L6,heliport,"Winn Parish Medical Center Heliport",32,-93,140,NA,US,US-LA,Winnfield,no,K0L6,,0L6
7273,0LA0,heliport,"West Hackberry Heliport",30,-93,10,NA,US,US-LA,Hackberry,no,0LA0,,0LA0
7274,0LA1,small_airport,"Double H Ranch Airport",30,-91,15,NA,US,US-LA,Gonzales,no,0LA1,,0LA1
7275,0LA2,closed,"Don Babin-Private Airport",30,-91,17,NA,US,US-LA,Gonzales,no,,,
7276,0LA3,small_airport,"Belcher Airpatch Airport",33,-94,280,NA,US,US-LA,Belcher,no,0LA3,,0LA3
7277,0LA4,heliport,"North Caddo Medical Center Heliport",33,-94,200,NA,US,US-LA,Vivian,no,0LA4,,0LA4
7278,0LA5,heliport,"Conoco Inc Heliport",29,-90,3,NA,US,US-LA,"Grand Isle",no,0LA5,,0LA5
7279,0LA6,closed,"Freeport Sulphur Heliport",29,-90,3,NA,US,US-LA,"Grand Isle",no,,,
7280,0LA7,heliport,"Exxon Heliport",29,-90,6,NA,US,US-LA,"Grand Isle",no,0LA7,,0LA7
7281,0LA8,heliport,"Jackson Parish Hospital Heliport",32,-93,183,NA,US,US-LA,Jonesboro,no,0LA8,,0LA8
7282,0LA9,small_airport,"Rebel Field",31,-91,74,NA,US,US-LA,Watson,no,0LA9,,0LA9
7283,0LL0,small_airport,"Kaufield Airport",42,-89,783,NA,US,US-IL,Belvidere,no,0LL0,,0LL0
7284,0LL1,small_airport,"Jerseyville Aviation Inc Airport",39,-90,604,NA,US,US-IL,Jerseyville,no,0LL1,,0LL1
7285,0LL2,small_airport,"Murk's Strip",41,-90,700,NA,US,US-IL,"St. Augustine",no,0LL2,,0LL2
7286,0LL3,small_airport,"Koenig Airport",39,-90,614,NA,US,US-IL,Jerseyville,no,0LL3,,0LL3
7287,0LL4,small_airport,"Flaherty Field",41,-89,664,NA,US,US-IL,"La Salle",no,0LL4,,0LL4
7288,0LL5,small_airport,"Busboom RLA Restricted Landing Area",40,-88,675,NA,US,US-IL,"St Joseph",no,0LL5,,0LL5
7289,0LL6,small_airport,"Gord Airport",42,-89,710,NA,US,US-IL,Sandwich,no,0LL6,,0LL6
7290,0LL7,heliport,"Northwestern Medicine Valley West Hospital Heliport",42,-89,670,NA,US,US-IL,Sandwich,no,0LL7,,0LL7
7291,0LL9,closed,"Savanna Army Depot Helipad",42,-90,650,NA,US,US-IL,Savanna,no,,,
7292,0LS0,small_airport,"Theriot Field",30,-91,13,NA,US,US-LA,Thibodaux,no,0LS0,,0LS0
7294,0LS2,closed,"Evergreen Fourchon Heliport",29,-90,6,NA,US,US-LA,"Golden Meadow",no,,,
7296,0LS4,closed,"Buller's Airstrip",31,-92,47,NA,US,US-LA,Bunkie,no,,,
7297,0LS5,small_airport,"Trahan Ultralightport",30,-92,40,NA,US,US-LA,Carencro,no,0LS5,,0LS5
7298,0LS6,small_airport,"Dufour Airport",31,-92,42,NA,US,US-LA,Morrow,no,0LS6,,0LS6
7299,0LS7,small_airport,"Morgan Field",31,-91,36,NA,US,US-LA,"New Roads",no,0LS7,,0LS7
7300,0LS8,small_airport,"Lonesome Dove Airfield",30,-93,34,NA,US,US-LA,Woodlawn,no,0LS8,,0LS8
7301,0LS9,small_airport,"Huenefeld Airport",33,-92,72,NA,US,US-LA,Monroe,no,0LS9,,0LS9
7302,0MA1,heliport,"Massachusetts General Hospital Heliport",42,-71,214,NA,US,US-MA,Boston,no,0MA1,,0MA1
7303,0MA2,heliport,"Healthalliance Hospital-Leominster Heliport",43,-72,450,NA,US,US-MA,Leominster,no,0MA2,,0MA2
7304,0MA3,heliport,"Reh Heliport",42,-71,100,NA,US,US-MA,Rehoboth,no,0MA3,,0MA3
7305,0MA4,heliport,"Boston Medical Center Hospital Heliport",42,-71,19,NA,US,US-MA,Boston,no,0MA4,,0MA4
7306,0MA5,heliport,"Brockton Usar Center Heliport",42,-71,85,NA,US,US-MA,Brockton,no,0MA5,,0MA5
7307,0MA6,heliport,"Wbz Heliport",42,-71,9,NA,US,US-MA,Boston,no,0MA6,,0MA6
7308,0MA8,closed,"Textron/Everett Heliport",42,-71,40,NA,US,US-MA,Everett,no,,,
7309,0MA9,heliport,"Lleia Kyle O'Meara Heliport",43,-72,1230,NA,US,US-MA,Westminster,no,0MA9,,0MA9
7310,0MD0,heliport,"Baltimore Washington Medical Center Heliport",39,-77,77,NA,US,US-MD,"Glen Burnie",no,0MD0,,0MD0
7311,0MD1,small_airport,"Taylor Field",39,-76,75,NA,US,US-MD,Sudlersville,no,0MD1,,0MD1
7312,0MD2,small_airport,"Squier Landing Airport",38,-77,16,NA,US,US-MD,Newburg,no,0MD2,,0MD2
7313,0MD3,closed,"Johns Hopkins Hospital Heliport",39,-77,260,NA,US,US-MD,Baltimore,no,,,
7314,0MD4,small_airport,"Pond View Private Airport",39,-76,47,NA,US,US-MD,Chestertown,no,0MD4,,0MD4
7315,0MD5,heliport,"UM Laurel Medical Center Heliport",39,-77,285,NA,US,US-MD,Laurel,no,0MD5,,0MD5
7316,0MD6,small_airport,"Walters Airport",39,-77,750,NA,US,US-MD,"Mount Airy",no,0MD6,,0MD6
7317,0MD7,heliport,"The Aspen Institute Heliport",39,-76,20,NA,US,US-MD,Queenstown,no,0MD7,,0MD7
7318,0MD8,heliport,"Security Ford Heliport",39,-77,30,NA,US,US-MD,Arbutus,no,0MD8,,0MD8
7319,0MD9,heliport,"Calvert Memorial Hospital Heliport",39,-77,143,NA,US,US-MD,"Prince Frederick",no,0MD9,,0MD9
7320,0MI0,closed,"Sumner Heliport",43,-86,657,NA,US,US-MI,"Grand Rapids",no,,,
7321,0MI1,small_airport,"Sugar Springs Airpark",44,-84,940,NA,US,US-MI,Gladwin,no,,,5M6
7322,0MI2,closed,"Stier Airstrip",45,-84,850,NA,US,US-MI,Glennie,no,,,
7323,0MI3,small_airport,"Kelleys Airport",45,-84,1000,NA,US,US-MI,Grayling,no,0MI3,,0MI3
7324,0MI4,small_airport,"Lesterson-Dempsey Airstrip",46,-87,1120,NA,US,US-MI,Gwinn,no,0MI4,,0MI4
7325,0MI6,small_airport,"Young's Airport",46,-85,800,NA,US,US-MI,Hulbert,no,0MI6,,0MI6
7326,0MI7,heliport,"Four Star Heliport",42,-83,603,NA,US,US-MI,Carleton,no,0MI7,,0MI7
7327,0MI8,small_airport,"Twin Lakes Airport",45,-84,1275,NA,US,US-MI,Lewiston,no,,,MI55
7328,0MI9,heliport,"Henry Ford Hospital Heliport",42,-83,633,NA,US,US-MI,Detroit,no,0MI9,,0MI9
7329,0MN0,seaplane_base,"Winner's Landing Seaplane Base",45,-93,690,NA,US,US-MN,"St Paul Park",no,0MN0,,0MN0
7330,0MN1,closed,"Brinkman Airport",44,-94,1020,NA,US,US-MN,"St. Peter",no,,,
7331,0MN2,seaplane_base,"Grindstone Lake Seaplane Base",46,-93,1025,NA,US,US-MN,Sandstone,no,0MN2,,0MN2
7332,0MN3,seaplane_base,"Lower Hay Lake Seaplane Base",47,-94,1230,NA,US,US-MN,Jenkins,no,0MN3,,0MN3
7333,0MN4,seaplane_base,"Paul's Seaplane Base",46,-94,1200,NA,US,US-MN,Nisswa,no,0MN4,,0MN4
7334,0MN5,closed,"Pankratz Airport",44,-95,1033,NA,US,US-MN,Springfield,no,,,
7335,0MN6,small_airport,"Matson Field",44,-92,1365,NA,US,US-MN,"Spring Valley",no,0MN6,,0MN6
7336,0MN7,heliport,"Ely Bloomenson Community Hospital Heliport",48,-92,1450,NA,US,US-MN,Ely,no,0MN7,,0MN7
7337,0MN8,closed,"Keller Airport",45,-93,990,NA,US,US-MN,Stillwater,no,,,
7338,0MN9,heliport,"Triple H Heliport",45,-94,980,NA,US,US-MN,"Big Lake",no,0MN9,,0MN9
7339,0MO0,small_airport,"Ferros Ranch-Aero Airport",38,-94,775,NA,US,US-MO,Clinton,no,0MO0,,0MO0
7340,0MO1,small_airport,"Flying G Airport",39,-94,920,NA,US,US-MO,Creighton,no,0MO1,,0MO1
7341,0MO2,small_airport,"Short-N-Ruff Airport",38,-91,950,NA,US,US-MO,Caledonia,no,0MO2,,0MO2
7342,0MO3,closed,"Arvin Ranch Airport",38,-95,1000,NA,US,US-MO,Drexel,no,,,
7343,0MO4,heliport,"Bert Walter Berkowitz Heliport",39,-95,890,NA,US,US-MO,"Kansas City",no,0MO4,,0MO4
7344,0MO5,small_airport,"Joe D Lewis Airport",40,-92,780,NA,US,US-MO,Edina,no,0MO5,,0MO5
7345,0MO6,closed,"Hall Airport",40,-92,850,NA,US,US-MO,Hurdland,no,,,
7346,0MO7,heliport,"St Joseph Hospital West Heliport",39,-91,531,NA,US,US-MO,"Lake Saint Louis",no,0MO7,,0MO7
7347,0MO8,small_airport,"Sloan's Airport",39,-91,437,NA,US,US-MO,Elsberry,no,0MO8,,0MO8
7348,0MO9,heliport,"Emerson Heliport",39,-90,575,NA,US,US-MO,Ferguson,no,0MO9,,0MO9
7349,0MS0,small_airport,"Topton Air Estates Airport",32,-89,453,NA,US,US-MS,Meridian,no,0MS0,,0MS0
7350,0MS1,closed,"Franklin Field",31,-91,200,NA,US,US-MS,Meadville,no,,,
7351,0MS2,small_airport,"Morgan Field",32,-89,300,NA,US,US-MS,Seminary,no,0MS2,,0MS2
7352,0MS3,heliport,"Baptist Memorial Hospital-North Ms Heliport",34,-90,430,NA,US,US-MS,Oxford,no,0MS3,,0MS3
7353,0MS4,heliport,"Sheriff's Courthouse Heliport",30,-89,50,NA,US,US-MS,Gulfport,no,0MS4,,0MS4
7354,0MS5,closed,"Lewis Air Service Airport",33,-91,120,NA,US,US-MS,Leland,no,,,
7355,0MS6,heliport,"Levert Heliport",30,-89,25,NA,US,US-MS,"Pass Christian",no,0MS6,,0MS6
7356,0MS7,closed,"Hale Field",34,-89,346,NA,US,US-MS,Pontotoc,no,,,
7357,0MS8,small_airport,"Catfish Point Airport",34,-91,154,NA,US,US-MS,Benoit,no,0MS8,,0MS8
7358,0MS9,small_airport,"Shenandoah Valley Farms Airport",34,-89,300,NA,US,US-MS,Houston,no,0MS9,,0MS9
7359,0MT1,small_airport,"Williams Field",47,-112,4070,NA,US,US-MT,Augusta,no,0MT1,,0MT1
7360,0MT2,heliport,"Big Sandy Medical Center Heliport",48,-110,2750,NA,US,US-MT,"Big Sandy",no,0MT2,,0MT2
7361,0MT3,heliport,"Stock Farm Heliport",46,-114,3920,NA,US,US-MT,Hamilton,no,0MT3,,0MT3
7362,0MT4,small_airport,"Kimp Airport",46,-114,3510,NA,US,US-MT,Hamilton,no,0MT4,,0MT4
7363,0MT5,small_airport,"Cottonwood Airport",46,-109,3350,NA,US,US-MT,Laurel,no,0MT5,,0MT5
7364,0MT6,small_airport,"Hanson Airport",48,-115,3900,NA,US,US-MT,Marion,no,0MT6,,0MT6
7365,0MT7,small_airport,"Pinehurst Ranch Airport",48,-115,2460,NA,US,US-MT,"Thompson Falls",no,0MT7,,0MT7
7366,0MT8,heliport,"Glacier Heli Tours Heliport",48,-114,3300,NA,US,US-MT,"West Glacier",no,0MT8,,0MT8
7367,0MT9,small_airport,"Lone Hawk Airport",48,-114,3284,NA,US,US-MT,"White Fish",no,0MT9,,0MT9
7368,0MU0,small_airport,"Eagle Field",37,-91,784,NA,US,US-MO,Ellington,no,0MU0,,0MU0
7369,0MU1,small_airport,"Sunderland Airport",37,-94,1027,NA,US,US-MO,Avilla,no,0MU1,,0MU1
7370,0MU2,heliport,"Christian Hospital Northeast Heliport",39,-90,520,NA,US,US-MO,"Saint Louis",no,0MU2,,0MU2
7371,0MU3,heliport,"Hannibal Regional Hospital Heliport",40,-91,744,NA,US,US-MO,Hannibal,no,0MU3,,0MU3
7372,0MU4,small_airport,"Slaughter Airport",40,-93,800,NA,US,US-MO,Marceline,no,0MU4,,0MU4
7373,0MU5,heliport,"Holden Heliport",39,-94,865,NA,US,US-MO,Holden,no,0MU5,,0MU5
7374,0MU6,heliport,"Bradbury-Rolf Memorial Heliport",39,-94,815,NA,US,US-MO,Higginsville,no,0MU6,,0MU6
7375,0MU7,small_airport,"Lambs Field",39,-94,1070,NA,US,US-MO,"Lone Jack",no,0MU7,,0MU7
7376,0MU8,small_airport,"Prince STOLport",37,-90,582,NA,US,US-MO,Millersville,no,0MU8,,0MU8
7377,0MY0,heliport,"Kenyon Heliport",44,-93,1500,NA,US,US-MN,Kenyon,no,0MY0,,0MY0
7378,0MY1,heliport,"Bozeman Deaconess Hospital Heliport",46,-111,4925,NA,US,US-MT,Bozeman,no,0MY1,,0MY1
7379,0N0,small_airport,"Roosterville Airport",39,-94,1004,NA,US,US-MO,Liberty,no,0N0,,0N0
7380,0N4,small_airport,"Chandelle Airport",39,-75,22,NA,US,US-DE,Dover,no,,,0N4
7381,0N5,heliport,"Deldot Helistop",39,-76,30,NA,US,US-DE,Dover,no,K0N5,,0N5
7382,0N6,small_airport,"Albanna Aviation Airport",39,-76,50,NA,US,US-DE,Felton,no,,,0N6
7383,0NA1,small_airport,"Goerger Airport",46,-97,1045,NA,US,US-ND,Barney,no,0NA1,,0NA1
7384,0NA5,small_airport,"Sorlie Airport",48,-100,1580,NA,US,US-ND,Maddock,no,0NA5,,0NA5
7385,0NA9,small_airport,"Boyd's Turf Airport",47,-104,2750,NA,US,US-ND,Golva,no,0NA9,,0NA9
7386,0NC0,heliport,"Wayne Memorial Hospital Inc. Heliport",35,-78,106,NA,US,US-NC,Goldsboro,no,0NC0,,0NC0
7387,0NC1,closed,"Bearwallow Farm Airport",35,-82,3608,NA,US,US-NC,Hendersonville,no,,,
7388,0NC2,heliport,"Moore Regional Hospital Heliport",35,-79,460,NA,US,US-NC,Pinehurst,no,0NC2,,0NC2
7389,0NC3,heliport,"Washington County Hospital Heliport",36,-77,19,NA,US,US-NC,Plymouth,no,0NC3,,0NC3
7390,0NC4,heliport,"Wake Medical Center Heliport",36,-79,245,NA,US,US-NC,Raleigh,no,0NC4,,0NC4
7391,0NC5,heliport,"Nash General Hospital Heliport",36,-78,156,NA,US,US-NC,"Rocky Mount",no,0NC5,,0NC5
7392,0NC6,heliport,"Our Community Hospital Heliport",36,-77,113,NA,US,US-NC,"Scotland Neck",no,0NC6,,0NC6
7393,0NC7,small_airport,"Lindsay Airport",36,-80,700,NA,US,US-NC,Madison,no,0NC7,,0NC7
7394,0NC8,small_airport,"Flying S Ranch Airport",36,-81,830,NA,US,US-NC,Cleveland,no,0NC8,,0NC8
7395,0NC9,heliport,"Maria Parham Health DLP Affiliate Heliport",36,-78,465,NA,US,US-NC,Henderson,no,0NC9,,0NC9
7396,0ND0,small_airport,"Gilbertson Field",48,-99,1550,NA,US,US-ND,Flora,no,0ND0,,0ND0
7397,0ND6,small_airport,"Schumacher Strip",46,-100,2020,NA,US,US-ND,Hague,no,0ND6,,0ND6
7398,0ND7,small_airport,"Saville Private Airport",46,-100,1961,NA,US,US-ND,Hazelton,no,0ND7,,0ND7
7399,0NE0,small_airport,"Merrihew Airport",42,-102,3815,NA,US,US-NE,Ashby,no,0NE0,,0NE0
7400,0NE1,small_airport,"Runner Landing Area Airport",42,-102,3760,NA,US,US-NE,Ashby,no,0NE1,,0NE1
7401,0NE2,closed,"Merry Airport",42,-102,3791,NA,US,US-NE,Ashby,no,,,
7402,0NE3,heliport,"Syracuse Hospital Heliport",41,-96,1120,NA,US,US-NE,Syracuse,no,0NE3,,0NE3
7403,0NE4,heliport,"Franklin County Memorial Hospital Heliport",40,-99,1950,NA,US,US-NE,Franklin,no,0NE4,,0NE4
7404,0NE5,small_airport,"Newman Airport",41,-102,3525,NA,US,US-NE,"Big Springs",no,0NE5,,0NE5
7405,0NE6,small_airport,"Frager Field",40,-98,1765,NA,US,US-NE,Fairfield,no,0NE6,,0NE6
7406,0NJ0,heliport,"Atlantic City Medical Center Heliport",39,-74,82,NA,US,US-NJ,"Atlantic City",no,0NJ0,,0NJ0
7407,0NJ1,heliport,"Berkeley Township Police Heliport",40,-74,54,NA,US,US-NJ,Bayville,no,0NJ1,,0NJ1
7408,0NJ2,heliport,"Ballymere Heliport",41,-74,280,NA,US,US-NJ,Morristown,no,0NJ2,,0NJ2
7409,0NJ3,heliport,"Mount Holly Heliport",40,-75,45,NA,US,US-NJ,"Mount Holly",no,0NJ3,,0NJ3
7410,0NJ4,heliport,"Weichert Headquarters Heliport",41,-74,103,NA,US,US-NJ,"Morris Plains",no,0NJ4,,0NJ4
7411,0NJ5,small_airport,"Fla-Net Airport",41,-75,1040,NA,US,US-NJ,Netcong,no,0NJ5,,0NJ5
7412,0NJ6,small_airport,"Dix Field",39,-75,8,NA,US,US-NJ,Linwood,no,0NJ6,,0NJ6
7413,0NJ7,heliport,"Essex Generating Station Heliport",41,-74,8,NA,US,US-NJ,Newark,no,0NJ7,,0NJ7
7414,0NJ8,heliport,"Port Newark Helistop",41,-74,10,NA,US,US-NJ,Newark,no,0NJ8,,0NJ8
7415,0NJ9,heliport,"Jersey Tpke New Brunswick Helistop",40,-74,70,NA,US,US-NJ,"New Brunswick",no,0NJ9,,0NJ9
7416,0NK0,small_airport,"Berdick Field",42,-79,1690,NA,US,US-NY,Cattaraugus,no,0NK0,,0NK0
7417,0NK1,small_airport,"Spring Brook Airport",43,-76,450,NA,US,US-NY,"Central Square",no,0NK1,,0NK1
7418,0NK2,small_airport,"Westwind Farm Airport",43,-74,800,NA,US,US-NY,Charlton,no,0NK2,,0NK2
7419,0NK3,small_airport,"Seven Gullies Airport",43,-78,600,NA,US,US-NY,Groveland,no,0NK3,,0NK3
7420,0NK4,heliport,"Nassau University Medical Center Heliport",41,-74,80,NA,US,US-NY,Hempstead,no,0NK4,,0NK4
7421,0NK5,closed,"Mid-Hudson Helicopter Service Heliport",42,-74,270,NA,US,US-NY,"Hopewell Junction",no,,,
7422,0NK6,small_airport,"Lapeer Flyer Airport",42,-76,1280,NA,US,US-NY,Marathon,no,0NK6,,0NK6
7423,0NK7,heliport,"King Street Heliport",41,-74,470,NA,US,US-NY,Armonk,no,0NK7,,0NK7
7424,0NK8,closed,"Rocky Reef Farm Airport",42,-74,450,NA,US,US-NY,Attlebury,no,,,
7425,0NK9,closed,"Lakeview Airport",43,-76,1050,NA,US,US-NY,Chittenango,no,,,
7426,0NM0,small_airport,"Columbus Airport",32,-108,4024,NA,US,US-NM,Columbus,no,0NM0,,0NM0
7427,0NM7,small_airport,"Negrito Airstrip",34,-109,8143,NA,US,US-NM,Reserve,no,0NM7,,0NM7
7428,0NV1,heliport,"Summerlin Medical Center Heliport",36,-115,2745,NA,US,US-NV,"Las Vegas",no,0NV1,,0NV1
7429,0NY0,small_airport,"Bennetts Airport",44,-74,1040,NA,US,US-NY,"North Creek",no,0NY0,,0NY0
7430,0NY1,small_airport,"Russell Field",43,-74,260,NA,US,US-NY,Northumberland,no,0NY1,,0NY1
7431,0NY3,small_airport,"Kermizian Airport",43,-75,1440,NA,US,US-NY,Ohio,no,0NY3,,0NY3
7432,0NY5,closed,"State Police Troop D Heliport",43,-76,507,NA,US,US-NY,Oneida,no,,,
7433,0NY6,heliport,"New York State Police Troop E Zone 2 Auburn Heliport",43,-77,600,NA,US,US-NY,Auburn,no,0NY6,,0NY6
7434,0NY7,small_airport,"Murphys Landing Strip",43,-74,940,NA,US,US-NY,Amsterdam,no,0NY7,,0NY7
7435,0NY8,small_airport,"Wenskoski Field",43,-74,800,NA,US,US-NY,Perth,no,0NY8,,0NY8
7436,0O0,seaplane_base,"San Luis Reservoir Seaplane Base",37,-121,544,NA,US,US-CA,"Los Banos",no,0O0,,0O0
7437,0O4,small_airport,"Corning Municipal Airport",40,-122,292,NA,US,US-CA,Corning,no,0O4,,0O4
7438,0O9,small_airport,"Ward Field",42,-124,356,NA,US,US-CA,Gasquet,no,0O9,,0O9
7439,0OH1,heliport,"Cirino Heliport",41,-81,1250,NA,US,US-OH,"Chagrin Falls",no,0OH1,,0OH1
7440,0OH2,closed,"Jenkins Field",40,-84,1080,NA,US,US-OH,"North Hampton",no,,,
7441,0OH3,heliport,"Hamilton County Sheriff's Patrol Heliport",39,-85,865,NA,US,US-OH,"Forest Park",no,0OH3,,0OH3
7442,0OH6,small_airport,"Fry Field",40,-84,775,NA,US,US-OH,"Spring Valley",no,0OH6,,0OH6
7443,0OH7,small_airport,"Apple Airport",40,-84,1000,NA,US,US-OH,Piqua,no,0OH7,,0OH7
7444,0OH8,small_airport,"Fry Airport",40,-84,900,NA,US,US-OH,Piqua,no,0OH8,,0OH8
7445,0OH9,closed,"Parknavy Airport",40,-83,943,NA,US,US-OH,"Plain City",no,,,
7446,0OI0,heliport,"Foltz Heliport",41,-81,1012,NA,US,US-OH,"East Canton",no,0OI0,,0OI0
7447,0OI1,closed,"Autolite Heliport",41,-83,759,NA,US,US-OH,Fostoria,no,,,
7448,0OI2,small_airport,"Unger Field",39,-83,940,NA,US,US-OH,Greenfield,no,0OI2,,0OI2
7449,0OI3,small_airport,"Galloway Airport",41,-83,643,NA,US,US-OH,Sandusky,no,0OI3,,0OI3
7450,0OI4,closed,"Salt Box Airport",41,-81,1250,NA,US,US-OH,Hiram,no,,,
7451,0OI6,small_airport,"Victor's Landing Airport",42,-81,860,NA,US,US-OH,Kingsville,no,0OI6,,0OI6
7452,0OI9,small_airport,"Hidden Quarry Airport",39,-83,830,NA,US,US-OH,Lucasville,no,0OI9,,0OI9
7453,0OK0,closed,"Edmond Airport",36,-97,1169,NA,US,US-OK,Edmond,no,,,
7454,0OK1,small_airport,"Mckey Airport",35,-97,1056,NA,US,US-OK,"Elmore City",no,0OK1,,0OK1
7455,0OK2,closed,"Parkview Hospital Heliport",36,-98,1349,NA,US,US-OK,"El Reno",no,,,
7456,0OK3,small_airport,"McKinley Ranch Airport",36,-99,1420,NA,US,US-OK,Geary,no,0OK3,,0OK3
7457,0OK4,small_airport,"Rock Creek Farm Airport",35,-96,730,NA,US,US-OK,"Coal Gate",no,0OK4,,0OK4
7458,0OK5,small_airport,"Chappell Airport",36,-97,1070,NA,US,US-OK,Guthrie,no,0OK5,,0OK5
7459,0OK6,small_airport,"Ellis/Harvey Airport",36,-97,1220,NA,US,US-OK,Guthrie,no,0OK6,,0OK6
7460,0OK7,heliport,"Shattuck Hospital Heliport",36,-100,2200,NA,US,US-OK,Shattuck,no,0OK7,,0OK7
7461,0OK8,closed,"Cade's Airport",36,-98,1140,NA,US,US-OK,Covington,no,,,
7462,0OK9,small_airport,"Crystal Airport",36,-97,1016,NA,US,US-OK,Jennings,no,0OK9,,0OK9
7463,0OR0,heliport,"Providence Hospital Heliport",42,-123,1350,NA,US,US-OR,Medford,no,0OR0,,0OR0
7465,0OR2,heliport,"Hendershots Heliport",42,-123,1200,NA,US,US-OR,Merlin,no,0OR2,,0OR2
7466,0OR3,small_airport,"Long Ranch Airport",42,-122,4090,NA,US,US-OR,Merrill,no,0OR3,,0OR3
7467,0OR4,heliport,"Round Butte Heliport",45,-121,2125,NA,US,US-OR,Metolius,no,0OR4,,0OR4
7468,0OR5,closed,"East Oregon Cattle Company Airport",43,-123,1345,NA,US,US-OR,"Eagle Point",no,,,
7469,0OR6,small_airport,"Rome Service Airport",43,-118,3387,NA,US,US-OR,"Jordan Valley",no,0OR6,,0OR6
7470,0OR7,small_airport,"Marr Field",45,-123,275,NA,US,US-OR,Monmouth,no,0OR7,,0OR7
7471,0OR8,small_airport,"Sutton on Rogue Airport",42,-123,1260,NA,US,US-OR,"White City",no,0OR8,,0OR8
7472,0OR9,small_airport,"Hanel Field",46,-122,1626,NA,US,US-OR,"Mount Hood",no,0OR9,,0OR9
7473,0P0,closed,"Valley Forge Bicentennial Heliport",40,-75,260,NA,US,US-PA,Norristown,no,,,
7474,0P1,small_airport,"Van Pak Airport",40,-100,2213,NA,US,US-KS,"Prairie View",no,0P1,,0P1
7475,0P2,small_airport,"Shoestring Aviation Airfield",40,-77,1000,NA,US,US-PA,Stewartstown,no,K0P2,,0P2
7476,0PA0,small_airport,"Philadelphia Gliderport",40,-75,670,NA,US,US-PA,Hilltown,no,3PA2,,3PA2
7477,0PA1,heliport,"Phoenix Technologies Heliport",40,-75,252,NA,US,US-PA,Norristown,no,0PA1,,0PA1
7478,0PA2,small_airport,"Haunstein Ultralightport",40,-77,600,NA,US,US-PA,"Shermans Dale",no,0PA2,,0PA2
7479,0PA3,small_airport,"Robbins Farm Airport",42,-77,1207,NA,US,US-PA,Troy,no,0PA3,,0PA3
7480,0PA4,small_airport,"Ecko Field",40,-77,380,NA,US,US-PA,Hummelstown,no,0PA4,,0PA4
7481,0PA5,small_airport,"Fisher Airport",41,-80,1500,NA,US,US-PA,Franklin,no,0PA5,,0PA5
7482,0PA6,small_airport,"Hostetler Airport",41,-78,760,NA,US,US-PA,Huntingdon,no,0PA6,,0PA6
7483,0PA7,closed,"Linvill Airport",40,-75,180,NA,US,US-PA,Media,no,,,
7484,0PA8,heliport,"Geisinger Community Medical Center Heliport",41,-76,508,NA,US,US-PA,Scranton,no,0PA8,,0PA8
7485,0PA9,heliport,"Carson Heliport",40,-75,415,NA,US,US-PA,Perkasie,no,0PA9,,0PA9
7486,0PN0,small_airport,"Fletcher Airport",41,-80,1335,NA,US,US-PA,Hadley,no,0PN0,,0PN0
7487,0PN1,seaplane_base,"Pete's Water Landing Seaplane Base",41,-80,757,NA,US,US-PA,Freeport,no,0PN1,,0PN1
7488,0PN2,small_airport,"Flying Acres Airport",41,-80,1247,NA,US,US-PA,"Slippery Rock",no,0PN2,,0PN2
7489,0PN3,heliport,"Wyeth-Ayerst Nr Heliport",40,-75,186,NA,US,US-PA,Collegeville,no,0PN3,,0PN3
7490,0PN4,small_airport,"Kitner Airport",40,-77,960,NA,US,US-PA,"New Bloomfield",no,0PN4,,0PN4
7491,0PN5,small_airport,"Nichols Airport",42,-80,1761,NA,US,US-PA,Spartansburg,no,0PN5,,0PN5
7492,0PN6,small_airport,"Memmi Airport",40,-78,1138,NA,US,US-PA,"Three Springs",no,0PN6,,0PN6
7493,0PN7,small_airport,"Drillmore Acres Airport",40,-78,680,NA,US,US-PA,Newburg,no,0PN7,,0PN7
7494,0PN8,small_airport,"Shriver Airport",42,-80,1560,NA,US,US-PA,Titusville,no,0PN8,,0PN8
7495,0PN9,closed,"Paul Personal Use Airport",42,-80,1645,NA,US,US-PA,Titusville,no,,,
7496,0PS0,small_airport,"Frederick Airpark",41,-79,1560,NA,US,US-PA,Tylersburg,no,0PS0,,0PS0
7497,0PS1,heliport,"Mc Crory Stores Heliport",40,-77,420,NA,US,US-PA,York,no,0PS1,,0PS1
7498,0PS2,closed,"Marian Heliport",41,-76,1285,NA,US,US-PA,Weatherly,no,,,
7499,0PS3,small_airport,"Carsonville Airport",40,-77,800,NA,US,US-PA,Carsonville,no,0PS3,,0PS3
7500,0PS4,small_airport,"Old Orchard Airport",41,-79,1980,NA,US,US-PA,Curwensville,no,0PS4,,0PS4
7501,0PS5,heliport,"Used Parts Heliport",41,-75,660,NA,US,US-PA,"East Bangor",no,0PS5,,0PS5
7502,0PS6,heliport,"Herbst Heliport",40,-77,485,NA,US,US-PA,"East Prospect",no,0PS6,,0PS6
7503,0PS7,small_airport,"Harman Airport",41,-77,720,NA,US,US-PA,Elizabethville,no,0PS7,,0PS7
7504,0PS8,heliport,"Bayfront Garage Heliport",42,-80,1130,NA,US,US-PA,Erie,no,0PS8,,0PS8
7505,0PS9,heliport,"Jefferson Health Bucks County Campus Heliport",40,-75,141,NA,US,US-PA,"Fairless Hills",no,0PS9,,0PS9
7506,0Q3,small_airport,"Sonoma Valley Airport",38,-122,10,NA,US,US-CA,Schellville/Sonoma,no,0Q3,,0Q3
7507,0Q4,small_airport,"Selma Airport",37,-120,305,NA,US,US-CA,Selma,no,0Q4,,0Q4
7508,0Q6,closed,"Shingletown Airport",41,-122,3880,NA,US,US-CA,Shingletown,no,,,
7509,0Q9,small_airport,"Sonoma Skypark Airport",38,-122,20,NA,US,US-CA,Sonoma,no,0Q9,,0Q9
7510,0R2,small_airport,"Lincoln Municipal Airport",38,-93,940,NA,US,US-MO,Lincoln,no,0R2,,0R2
7511,0R7,small_airport,"The Red River Airport",32,-93,177,NA,US,US-LA,Coushatta,no,0R7,,0R7
7512,0R9,small_airport,"Plainville Airpark",39,-99,2182,NA,US,US-KS,Plainville,no,,,0R9
7513,0S1,small_airport,"Meadow Creek USFS Airport",48,-113,3984,NA,US,US-MT,"Hungry Horse",no,,,0S1
7514,0S2,closed,"Stockton Municipal Airport",39,-99,1973,NA,US,US-KS,Stockton,no,,,
7515,0S5,small_airport,"Nez Perce Municipal Airport",46,-116,3201,NA,US,US-ID,"Nez Perce",no,0S5,,0S5
7516,0SD0,small_airport,"Lenling Airport",45,-101,2142,NA,US,US-SD,Glencross,no,0SD0,,0SD0
7517,0SD1,small_airport,"Lodi Airport",43,-97,1200,NA,US,US-SD,Wakonda,no,0SD1,,0SD1
7518,0SD2,heliport,"Prairie Lakes West Heliport",45,-97,1799,NA,US,US-SD,Watertown,no,0SD2,,0SD2
7519,0SD3,small_airport,"Bledsoe Ranch Airport",45,-103,2872,NA,US,US-SD,Hoover,no,0SD3,,0SD3
7520,0SD4,heliport,"Brookview Manor Heliport",44,-97,1670,NA,US,US-SD,Brookings,no,0SD4,,0SD4
7521,0SD5,heliport,"The Fort Heliport",44,-104,5800,NA,US,US-SD,Custer,no,0SD5,,0SD5
7522,0SD6,small_airport,"Oasis Ranch Airport",44,-102,2580,NA,US,US-SD,Philip,no,0SD6,,0SD6
7523,0SD7,small_airport,"Porch Ranch Airport",44,-102,2775,NA,US,US-SD,Wanblee,no,0SD7,,0SD7
7524,0SD8,small_airport,"Juhnke Airport",44,-100,1900,NA,US,US-SD,Vivian,no,0SD8,,0SD8
7525,0SD9,heliport,"Crazy Horse Heliport",44,-104,5900,NA,US,US-SD,Custer,no,0SD9,,0SD9
7526,0T3,closed,"Ira Biffle Airfield",37,-90,421,NA,US,US-MO,"Marble Hill",no,,,
7527,0T7,closed,"Kittyhawk Airport",33,-97,700,NA,US,US-TX,Allen,no,,,
7528,0TA0,heliport,"HCA Houston Healthcare Mainland Heliport",29,-95,16,NA,US,US-TX,"Texas City",no,0TA0,,0TA0
7529,0TA1,closed,"Buddy Harmel Airport",34,-102,3552,NA,US,US-TX,Halfway,no,,,
7530,0TA2,small_airport,"Smith Farms Airport",34,-102,3487,NA,US,US-TX,Halfway,no,0TA2,,0TA2
7531,0TA3,closed,"Tate Ranch Airport",30,-102,2650,NA,US,US-TX,Dryden,no,,,
7532,0TA4,small_airport,"Erco Field",32,-96,395,NA,US,US-TX,Kaufman,no,0TA4,,0TA4
